-- phpMyAdmin SQL Dump
-- version 5.2.1
-- https://www.phpmyadmin.net/
--
-- Host: 127.0.0.1
-- Generation Time: Mar 31, 2026 at 10:01 AM
-- Server version: 10.4.32-MariaDB
-- PHP Version: 8.2.12

SET SQL_MODE = "NO_AUTO_VALUE_ON_ZERO";
START TRANSACTION;
SET time_zone = "+00:00";


/*!40101 SET @OLD_CHARACTER_SET_CLIENT=@@CHARACTER_SET_CLIENT */;
/*!40101 SET @OLD_CHARACTER_SET_RESULTS=@@CHARACTER_SET_RESULTS */;
/*!40101 SET @OLD_COLLATION_CONNECTION=@@COLLATION_CONNECTION */;
/*!40101 SET NAMES utf8mb4 */;

--
-- Database: `pcosdb`
--

-- --------------------------------------------------------

--
-- Table structure for table `allowance_levels`
--

CREATE TABLE `allowance_levels` (
  `id` int(11) NOT NULL,
  `description` varchar(50) NOT NULL
) ENGINE=InnoDB DEFAULT CHARSET=utf8mb4 COLLATE=utf8mb4_general_ci;

--
-- Dumping data for table `allowance_levels`
--

INSERT INTO `allowance_levels` (`id`, `description`) VALUES
(1, 'Engineers to SSV'),
(2, 'Assistant Manager'),
(3, 'Department, Senior, and General Manager');

-- --------------------------------------------------------

--
-- Table structure for table `allowance_list`
--

CREATE TABLE `allowance_list` (
  `id` int(11) NOT NULL,
  `level_id` int(11) NOT NULL,
  `location_id` int(11) NOT NULL,
  `amount` int(11) NOT NULL
) ENGINE=InnoDB DEFAULT CHARSET=utf8mb4 COLLATE=utf8mb4_general_ci;

--
-- Dumping data for table `allowance_list`
--

INSERT INTO `allowance_list` (`id`, `level_id`, `location_id`, `amount`) VALUES
(1, 1, 1, 4000),
(2, 1, 3, 40),
(3, 2, 1, 4300),
(4, 2, 3, 43),
(5, 3, 1, 4700),
(6, 3, 3, 47);

-- --------------------------------------------------------

--
-- Table structure for table `company_list`
--

CREATE TABLE `company_list` (
  `id` int(11) NOT NULL,
  `company_name` varchar(100) NOT NULL,
  `company_jap` varchar(100) NOT NULL,
  `company_desc` varchar(100) NOT NULL,
  `company_loc` varchar(20) NOT NULL
) ENGINE=InnoDB DEFAULT CHARSET=utf8mb4 COLLATE=utf8mb4_general_ci;

--
-- Dumping data for table `company_list`
--

INSERT INTO `company_list` (`id`, `company_name`, `company_jap`, `company_desc`, `company_loc`) VALUES
(1, 'Kawasaki Heavy Industries, Ltd.', '川崎重工業株式会社', 'エネルギーソリューション＆マリンカンパニー', '大阪入国管理局　様'),
(2, 'EarthTechnica Co., Ltd.', '株式会社アーステクニカ', '管理本部', '東京入国管理局　様');

-- --------------------------------------------------------

--
-- Table structure for table `designation_allowance`
--

CREATE TABLE `designation_allowance` (
  `id` int(11) NOT NULL,
  `designation_id` int(11) NOT NULL,
  `level_id` int(11) NOT NULL
) ENGINE=InnoDB DEFAULT CHARSET=utf8mb4 COLLATE=utf8mb4_general_ci;

--
-- Dumping data for table `designation_allowance`
--

INSERT INTO `designation_allowance` (`id`, `designation_id`, `level_id`) VALUES
(1, 18, 3),
(2, 19, 3),
(3, 55, 3),
(4, 17, 2);

-- --------------------------------------------------------

--
-- Table structure for table `dispatch_list`
--

CREATE TABLE `dispatch_list` (
  `dispatch_id` int(11) NOT NULL,
  `emp_number` int(11) NOT NULL,
  `location_id` int(11) NOT NULL DEFAULT 1,
  `dispatch_from` date NOT NULL,
  `dispatch_to` date NOT NULL,
  `date_added` datetime NOT NULL DEFAULT current_timestamp(),
  `request_id` int(11) DEFAULT NULL
) ENGINE=InnoDB DEFAULT CHARSET=utf8mb4 COLLATE=utf8mb4_general_ci;

--
-- Dumping data for table `dispatch_list`
--

INSERT INTO `dispatch_list` (`dispatch_id`, `emp_number`, `location_id`, `dispatch_from`, `dispatch_to`, `date_added`, `request_id`) VALUES
(1, 224, 1, '2024-01-09', '2024-04-05', '2023-12-20 16:29:34', NULL),
(2, 352, 1, '2024-01-09', '2024-04-05', '2023-12-20 16:30:11', NULL),
(3, 367, 1, '2024-01-09', '2024-04-05', '2023-12-20 16:30:47', NULL),
(4, 425, 1, '2024-01-09', '2024-04-05', '2023-12-20 16:31:06', NULL),
(5, 430, 1, '2024-01-09', '2024-04-05', '2023-12-20 16:31:19', NULL),
(6, 460, 1, '2024-01-09', '2024-04-05', '2023-12-20 16:47:12', NULL),
(7, 462, 1, '2024-01-09', '2024-04-05', '2023-12-20 16:47:50', NULL),
(8, 382, 1, '2024-01-15', '2024-04-05', '2023-12-20 16:48:23', NULL),
(9, 444, 1, '2024-01-09', '2024-04-05', '2023-12-20 16:48:52', NULL),
(10, 485, 1, '2024-01-09', '2024-04-05', '2023-12-20 16:49:18', NULL),
(11, 461, 1, '2023-10-10', '2023-12-22', '2023-12-21 07:44:56', NULL),
(12, 173, 1, '2023-10-10', '2024-04-24', '2023-12-22 08:12:02', NULL),
(13, 346, 1, '2023-10-10', '2024-04-26', '2023-12-22 10:04:39', NULL),
(14, 174, 1, '2023-10-10', '2024-04-24', '2023-12-22 10:22:09', NULL),
(15, 288, 1, '2023-10-10', '2024-04-26', '2023-12-22 10:23:01', NULL),
(16, 226, 1, '2023-09-04', '2023-12-01', '2023-12-22 10:24:15', NULL),
(17, 314, 1, '2023-10-10', '2024-04-26', '2023-12-22 12:35:30', NULL),
(18, 252, 1, '2023-09-04', '2023-12-01', '2023-12-22 14:41:44', NULL),
(19, 383, 1, '2023-09-04', '2023-12-01', '2023-12-22 14:51:11', NULL),
(20, 320, 1, '2024-01-29', '2024-04-26', '2024-01-16 13:03:56', NULL),
(21, 372, 1, '2023-01-10', '2023-04-07', '2024-01-16 13:08:15', NULL),
(22, 376, 1, '2023-01-10', '2023-04-07', '2024-01-16 13:15:04', NULL),
(23, 302, 1, '2023-09-04', '2023-12-01', '2024-01-16 13:18:17', NULL),
(24, 356, 1, '2023-05-15', '2023-08-11', '2024-01-16 13:24:29', NULL),
(25, 407, 1, '2024-01-09', '2024-07-12', '2024-01-16 13:31:55', NULL),
(26, 306, 1, '2024-02-12', '2024-04-26', '2024-01-16 13:52:07', NULL),
(27, 448, 1, '2023-09-04', '2023-12-01', '2024-01-16 13:56:42', NULL),
(28, 448, 1, '2024-01-09', '2024-03-15', '2024-01-16 13:57:29', NULL),
(29, 477, 1, '2023-09-04', '2023-12-01', '2024-01-16 14:09:54', NULL),
(30, 477, 1, '2024-01-09', '2024-03-15', '2024-01-16 14:10:11', NULL),
(31, 270, 1, '2023-09-04', '2023-12-01', '2024-01-16 14:17:29', NULL),
(32, 270, 1, '2024-01-09', '2024-03-15', '2024-01-16 14:17:45', NULL),
(33, 450, 1, '2023-01-10', '2023-04-07', '2024-01-16 14:21:33', NULL),
(34, 450, 1, '2023-09-04', '2023-12-01', '2024-01-16 14:21:57', NULL),
(35, 450, 1, '2024-01-09', '2024-04-05', '2024-01-16 14:22:17', NULL),
(36, 471, 1, '2024-01-09', '2024-04-26', '2024-01-16 14:25:22', NULL),
(37, 475, 1, '2023-09-04', '2023-12-01', '2024-01-16 14:33:00', NULL),
(38, 475, 1, '2024-01-09', '2024-04-05', '2024-01-16 14:33:21', NULL),
(39, 305, 1, '2024-01-09', '2024-04-26', '2024-01-16 14:37:45', NULL),
(40, 333, 1, '2024-02-12', '2024-04-26', '2024-01-16 14:43:23', NULL),
(41, 447, 1, '2023-01-10', '2023-04-07', '2024-01-16 14:47:20', NULL),
(42, 447, 1, '2023-09-04', '2023-12-01', '2024-01-16 14:47:54', NULL),
(43, 447, 1, '2024-01-09', '2024-04-05', '2024-01-16 14:48:09', NULL),
(44, 330, 1, '2023-01-10', '2023-04-07', '2024-01-16 14:52:39', NULL),
(45, 330, 1, '2023-09-04', '2023-12-01', '2024-01-16 14:53:06', NULL),
(46, 330, 1, '2024-01-09', '2024-04-05', '2024-01-16 14:53:23', NULL),
(47, 482, 1, '2024-01-09', '2024-04-26', '2024-01-16 14:56:33', NULL),
(48, 357, 1, '2023-01-10', '2023-04-07', '2024-01-16 15:00:21', NULL),
(49, 357, 1, '2023-07-24', '2023-10-06', '2024-01-16 15:01:29', NULL),
(50, 357, 1, '2024-01-09', '2024-04-05', '2024-01-16 15:01:43', NULL),
(51, 358, 1, '2024-01-09', '2024-04-19', '2024-01-16 15:04:53', NULL),
(52, 252, 1, '2023-05-15', '2023-08-11', '2024-01-17 10:22:28', NULL),
(53, 383, 1, '2023-01-10', '2023-04-07', '2024-01-17 10:24:02', NULL),
(54, 382, 1, '2023-05-15', '2023-08-11', '2024-01-17 10:25:09', NULL),
(55, 485, 1, '2023-09-04', '2023-12-01', '2024-01-17 10:26:26', NULL),
(56, 444, 1, '2023-01-10', '2023-04-07', '2024-01-17 10:27:22', NULL),
(57, 444, 1, '2023-05-29', '2023-08-11', '2024-01-17 10:28:00', NULL),
(58, 387, 1, '2023-02-01', '2023-04-28', '2024-01-17 10:34:02', NULL),
(59, 387, 1, '2024-01-29', '2024-04-26', '2024-01-17 10:34:26', NULL),
(60, 478, 1, '2024-01-29', '2024-04-26', '2024-01-17 10:41:38', NULL),
(61, 417, 1, '2023-05-15', '2023-08-11', '2024-01-17 10:45:15', NULL),
(62, 417, 1, '2024-01-29', '2024-04-26', '2024-01-17 10:45:33', NULL),
(63, 413, 1, '2023-09-04', '2023-12-01', '2024-01-17 10:48:28', NULL),
(64, 262, 1, '2023-05-15', '2023-08-11', '2024-01-17 10:52:12', NULL),
(65, 371, 1, '2023-02-01', '2023-04-28', '2024-01-17 10:58:15', NULL),
(66, 371, 1, '2024-01-29', '2024-04-26', '2024-01-17 10:58:32', NULL),
(67, 427, 1, '2022-11-01', '2023-01-27', '2024-01-17 12:16:17', NULL),
(68, 427, 1, '2023-09-04', '2023-12-01', '2024-01-17 12:16:41', NULL),
(69, 381, 1, '2023-02-01', '2023-04-28', '2024-01-17 12:21:11', NULL),
(70, 489, 1, '2023-09-04', '2023-12-01', '2024-01-17 12:24:14', NULL),
(71, 377, 1, '2023-02-01', '2023-04-28', '2024-01-17 12:27:37', NULL),
(72, 388, 1, '2022-11-01', '2023-01-27', '2024-01-17 12:31:55', NULL),
(73, 388, 1, '2023-09-04', '2023-12-01', '2024-01-17 12:32:18', NULL),
(74, 396, 1, '2023-02-01', '2023-04-28', '2024-01-17 12:35:03', NULL),
(75, 470, 1, '2024-01-29', '2024-04-26', '2024-01-17 12:39:25', NULL),
(76, 295, 1, '2023-09-04', '2023-12-01', '2024-01-17 12:43:08', NULL),
(77, 421, 1, '2023-02-01', '2023-04-28', '2024-01-17 12:46:05', NULL),
(78, 469, 1, '2024-01-29', '2024-04-26', '2024-01-17 12:49:25', NULL),
(79, 222, 1, '2023-07-24', '2023-10-06', '2024-01-17 12:56:20', NULL),
(80, 468, 1, '2023-07-24', '2023-10-06', '2024-01-17 13:01:15', NULL),
(81, 223, 1, '2023-04-11', '2023-07-08', '2024-01-17 13:09:19', NULL),
(82, 310, 1, '2023-10-23', '2024-01-24', '2024-01-17 13:17:52', NULL),
(83, 209, 1, '2023-04-11', '2023-07-08', '2024-01-17 13:22:43', NULL),
(84, 215, 1, '2024-01-29', '2024-04-26', '2024-01-17 13:50:07', NULL),
(85, 406, 1, '2023-10-23', '2024-01-24', '2024-01-17 13:52:55', NULL),
(86, 486, 1, '2023-10-10', '2023-12-22', '2024-01-17 14:20:20', NULL),
(87, 344, 1, '2023-10-10', '2023-12-22', '2024-01-17 14:26:43', NULL),
(88, 261, 1, '2024-01-29', '2024-04-27', '2024-01-17 14:32:25', NULL),
(89, 486, 1, '2024-01-29', '2024-04-27', '2024-01-17 14:35:22', NULL),
(90, 290, 1, '2023-10-10', '2023-12-22', '2024-01-17 14:37:33', NULL),
(91, 290, 1, '2024-01-29', '2024-04-26', '2024-01-17 14:38:09', NULL),
(92, 350, 1, '2023-05-15', '2023-08-11', '2024-01-17 14:41:58', NULL),
(93, 350, 1, '2023-10-10', '2023-12-22', '2024-01-17 14:42:27', NULL),
(94, 345, 1, '2023-02-01', '2023-04-28', '2024-01-17 14:48:23', NULL),
(95, 264, 1, '2023-10-10', '2023-12-22', '2024-01-17 14:50:55', NULL),
(96, 264, 1, '2024-01-29', '2024-04-26', '2024-01-17 14:51:09', NULL),
(97, 373, 1, '2023-02-01', '2023-04-28', '2024-01-17 15:09:59', NULL),
(98, 414, 1, '2023-01-10', '2023-03-31', '2024-01-18 07:44:03', NULL),
(99, 414, 1, '2023-10-10', '2023-12-22', '2024-01-18 07:44:39', NULL),
(100, 404, 1, '2023-04-03', '2023-06-30', '2024-01-18 07:50:12', NULL),
(101, 435, 1, '2023-04-03', '2023-06-30', '2024-01-18 07:54:42', NULL),
(102, 420, 1, '2023-07-24', '2023-10-06', '2024-01-18 08:06:36', NULL),
(103, 437, 1, '2023-04-03', '2023-06-30', '2024-01-18 08:15:25', NULL),
(104, 221, 1, '2023-10-10', '2023-12-22', '2024-01-18 08:19:46', NULL),
(105, 423, 1, '2023-01-10', '2023-03-31', '2024-01-18 08:25:01', NULL),
(106, 459, 1, '2023-07-24', '2023-10-06', '2024-01-18 08:36:12', NULL),
(107, 224, 1, '2023-01-10', '2023-03-31', '2024-01-18 08:39:58', NULL),
(108, 352, 1, '2023-01-10', '2023-03-31', '2024-01-18 08:42:12', NULL),
(109, 390, 1, '2023-10-10', '2023-12-22', '2024-01-18 08:48:41', NULL),
(110, 411, 1, '2023-10-10', '2023-12-22', '2024-01-18 08:51:53', NULL),
(111, 401, 1, '2023-07-24', '2023-10-06', '2024-01-18 08:57:08', NULL),
(112, 432, 1, '2023-07-24', '2023-10-06', '2024-01-18 08:59:43', NULL),
(113, 334, 1, '2023-07-24', '2023-10-06', '2024-01-18 09:34:23', NULL),
(114, 429, 1, '2023-07-24', '2023-10-07', '2024-01-18 09:37:36', NULL),
(115, 434, 1, '2023-04-03', '2023-06-30', '2024-01-18 09:41:54', NULL),
(116, 463, 1, '2023-10-10', '2023-12-22', '2024-01-18 09:48:21', NULL),
(117, 412, 1, '2023-01-10', '2023-03-31', '2024-01-18 09:51:13', NULL),
(118, 428, 1, '2023-04-03', '2023-06-30', '2024-01-18 10:20:26', NULL),
(119, 436, 1, '2023-04-03', '2023-06-30', '2024-01-18 10:26:20', NULL),
(120, 328, 1, '2023-02-03', '2023-04-28', '2024-01-18 10:47:08', NULL),
(121, 10, 1, '2024-03-27', '2024-04-03', '2024-01-18 13:19:06', NULL),
(122, 212, 1, '2024-03-27', '2024-04-03', '2024-01-18 13:24:02', NULL),
(123, 464, 1, '2024-03-27', '2024-04-03', '2024-01-18 13:25:09', NULL),
(124, 467, 1, '2024-01-09', '2024-04-05', '2024-01-18 13:26:41', NULL),
(125, 438, 1, '2023-07-24', '2023-10-06', '2024-01-18 13:39:16', NULL),
(126, 323, 1, '2023-07-24', '2023-10-06', '2024-01-18 13:49:06', NULL),
(127, 299, 1, '2024-01-09', '2024-04-05', '2024-01-18 13:58:28', NULL),
(128, 329, 1, '2023-07-24', '2023-10-06', '2024-01-18 14:18:33', NULL),
(129, 402, 1, '2023-10-10', '2023-12-22', '2024-01-18 14:33:48', NULL),
(130, 416, 1, '2023-10-02', '2023-11-24', '2024-01-18 14:43:53', NULL),
(131, 416, 1, '2023-03-06', '2023-06-02', '2024-01-18 14:44:25', NULL),
(132, 416, 1, '2022-11-07', '2023-02-03', '2024-01-18 14:46:13', NULL),
(133, 260, 1, '2023-02-06', '2023-04-21', '2024-01-18 14:49:50', NULL),
(134, 260, 1, '2023-05-29', '2023-08-25', '2024-01-18 14:50:24', NULL),
(135, 260, 1, '2024-01-09', '2024-04-05', '2024-01-18 14:50:38', NULL),
(136, 279, 1, '2024-01-09', '2024-04-26', '2024-01-18 14:59:10', NULL),
(137, 279, 1, '2023-11-27', '2023-12-22', '2024-01-18 14:59:37', NULL),
(138, 279, 1, '2023-05-15', '2023-08-11', '2024-01-18 15:00:11', NULL),
(139, 279, 1, '2022-11-01', '2023-01-27', '2024-01-18 15:01:32', NULL),
(140, 386, 1, '2023-07-24', '2023-10-06', '2024-01-18 15:10:09', NULL),
(141, 55, 1, '2022-11-14', '2022-11-18', '2024-01-19 07:20:53', NULL),
(142, 313, 1, '2024-01-29', '2024-04-26', '2024-01-23 09:58:14', NULL),
(143, 261, 1, '2022-10-03', '2022-12-16', '2024-01-23 10:20:26', NULL),
(144, 215, 1, '2022-11-07', '2022-12-20', '2024-01-23 10:38:09', NULL),
(145, 377, 1, '2022-07-04', '2022-09-30', '2024-01-23 12:24:40', NULL),
(146, 377, 1, '2024-01-29', '2024-04-26', '2024-01-23 12:43:37', NULL),
(147, 424, 1, '2022-11-01', '2023-01-27', '2024-01-23 13:25:00', NULL),
(148, 424, 1, '2023-05-15', '2023-08-11', '2024-01-23 13:25:40', NULL),
(149, 433, 1, '2022-11-01', '2023-01-27', '2024-01-23 13:36:20', NULL),
(150, 433, 1, '2023-05-15', '2023-08-11', '2024-01-23 13:37:15', NULL),
(151, 410, 1, '2024-04-10', '2024-06-28', '2024-01-25 10:14:41', NULL),
(152, 480, 1, '2024-04-10', '2024-06-28', '2024-01-25 10:16:50', NULL),
(153, 291, 1, '2024-04-10', '2024-09-20', '2024-01-29 07:42:06', NULL),
(154, 344, 1, '2024-04-10', '2024-06-28', '2024-01-29 07:44:25', NULL),
(155, 486, 1, '2024-07-01', '2024-09-20', '2024-01-29 07:50:32', NULL),
(156, 291, 1, '2022-07-04', '2022-09-30', '2024-01-29 08:16:08', NULL),
(157, 321, 1, '2022-09-12', '2022-12-09', '2024-01-29 12:57:21', NULL),
(158, 284, 1, '2023-05-15', '2023-08-11', '2024-01-29 12:59:56', NULL),
(159, 322, 1, '2022-09-12', '2022-12-09', '2024-01-29 13:06:03', NULL),
(160, 449, 1, '2022-10-03', '2022-12-28', '2024-01-29 13:19:50', NULL),
(161, 252, 1, '2022-09-20', '2022-12-16', '2024-01-29 13:23:30', NULL),
(162, 382, 1, '2022-09-20', '2022-12-16', '2024-01-29 13:24:11', NULL),
(163, 385, 1, '2022-09-20', '2022-12-16', '2024-01-29 13:25:15', NULL),
(164, 385, 1, '2023-01-10', '2023-04-07', '2024-01-29 13:25:38', NULL),
(165, 387, 1, '2022-07-04', '2022-09-30', '2024-01-29 13:34:51', NULL),
(166, 417, 1, '2022-07-04', '2022-09-30', '2024-01-29 13:38:03', NULL),
(167, 396, 1, '2022-07-04', '2022-09-30', '2024-01-29 13:42:56', NULL),
(168, 230, 1, '2022-08-22', '2022-10-28', '2024-01-29 13:45:13', NULL),
(169, 230, 1, '2023-09-04', '2023-12-01', '2024-01-29 13:45:43', NULL),
(170, 263, 1, '2022-11-01', '2023-01-27', '2024-01-29 13:49:32', NULL),
(171, 263, 1, '2023-05-15', '2023-08-11', '2024-01-29 13:50:09', NULL),
(172, 310, 1, '2022-07-04', '2022-09-26', '2024-01-29 14:34:45', NULL),
(173, 209, 1, '2022-07-04', '2022-09-26', '2024-01-29 14:40:19', NULL),
(174, 117, 1, '2024-04-10', '2024-06-28', '2024-01-29 15:04:37', NULL),
(175, 334, 1, '2024-04-10', '2024-06-28', '2024-01-29 15:08:15', NULL),
(176, 404, 1, '2024-04-10', '2024-06-28', '2024-01-29 15:11:50', NULL),
(177, 401, 1, '2024-04-10', '2024-06-28', '2024-01-29 15:12:34', NULL),
(178, 412, 1, '2024-04-10', '2024-06-28', '2024-01-30 07:28:19', NULL),
(179, 411, 1, '2024-04-10', '2024-06-28', '2024-01-30 07:30:12', NULL),
(180, 401, 1, '2022-10-03', '2022-12-23', '2024-01-30 07:39:32', NULL),
(181, 423, 1, '2024-04-10', '2024-06-28', '2024-01-30 07:42:13', NULL),
(182, 434, 1, '2024-04-10', '2024-06-28', '2024-01-30 07:43:11', NULL),
(183, 455, 1, '2022-10-03', '2022-12-23', '2024-01-31 10:33:31', NULL),
(184, 390, 1, '2022-10-03', '2022-12-23', '2024-01-31 10:37:27', NULL),
(185, 221, 1, '2022-07-04', '2022-09-30', '2024-01-31 10:48:50', NULL),
(186, 425, 1, '2022-10-03', '2022-12-23', '2024-01-31 10:55:24', NULL),
(187, 306, 1, '2022-10-03', '2022-12-28', '2024-01-31 13:13:29', NULL),
(188, 430, 1, '2023-01-10', '2023-03-31', '2024-01-31 13:47:50', NULL),
(189, 454, 1, '2022-10-03', '2022-12-30', '2024-01-31 15:07:38', NULL),
(190, 311, 1, '2022-10-03', '2022-12-30', '2024-01-31 15:13:09', NULL),
(191, 426, 1, '2023-02-03', '2023-04-28', '2024-01-31 15:14:23', NULL),
(192, 412, 1, '2023-10-10', '2023-12-22', '2024-02-05 10:39:19', NULL),
(193, 264, 1, '2023-05-15', '2023-08-11', '2024-02-07 13:55:56', NULL),
(194, 262, 1, '2024-05-07', '2024-08-02', '2024-02-27 07:11:47', NULL),
(195, 381, 1, '2024-05-07', '2024-08-02', '2024-02-27 07:12:37', NULL),
(196, 396, 1, '2024-05-07', '2024-08-02', '2024-02-27 07:13:13', NULL),
(197, 421, 1, '2024-05-07', '2024-08-02', '2024-02-27 07:14:17', NULL),
(198, 413, 1, '2024-05-07', '2024-08-02', '2024-02-27 07:14:50', NULL),
(199, 433, 1, '2024-05-07', '2024-08-02', '2024-02-27 07:15:39', NULL),
(200, 252, 1, '2024-05-13', '2024-08-09', '2024-03-04 07:33:25', NULL),
(201, 383, 1, '2024-05-13', '2024-05-24', '2024-03-04 07:34:43', NULL),
(202, 444, 1, '2024-05-13', '2024-08-09', '2024-03-04 07:35:32', NULL),
(203, 283, 1, '2024-05-13', '2024-08-09', '2024-03-06 07:28:43', NULL),
(204, 284, 1, '2024-05-13', '2024-08-09', '2024-03-06 07:31:19', NULL),
(205, 468, 1, '2024-05-13', '2024-08-09', '2024-03-06 09:31:36', NULL),
(206, 472, 1, '2024-05-13', '2024-08-09', '2024-03-06 09:32:59', NULL),
(207, 305, 1, '2024-05-13', '2024-07-24', '2024-03-08 07:14:43', NULL),
(208, 482, 1, '2024-05-13', '2024-07-24', '2024-03-08 07:16:51', NULL),
(209, 471, 1, '2024-05-13', '2024-07-24', '2024-03-08 07:17:32', NULL),
(210, 240, 1, '2024-05-13', '2024-08-09', '2024-03-08 12:10:28', NULL),
(211, 416, 1, '2024-03-25', '2024-06-21', '2024-03-11 07:20:29', NULL),
(212, 240, 1, '2023-01-10', '2023-04-07', '2024-03-11 12:12:28', NULL),
(213, 320, 1, '2024-07-01', '2024-12-23', '2024-03-22 07:20:25', NULL),
(214, 446, 1, '2024-03-26', '2024-04-08', '2024-04-03 07:31:46', NULL),
(215, 174, 1, '2024-05-07', '2024-12-23', '2024-04-03 10:04:33', NULL),
(216, 173, 1, '2024-05-11', '2024-12-23', '2024-04-03 10:05:40', NULL),
(217, 288, 1, '2024-05-11', '2024-12-23', '2024-04-03 10:07:02', NULL),
(218, 314, 1, '2024-05-11', '2024-12-23', '2024-04-03 10:08:12', NULL),
(219, 221, 1, '2024-07-01', '2024-09-20', '2024-04-16 13:18:12', NULL),
(220, 390, 1, '2024-07-01', '2024-09-20', '2024-04-16 13:19:12', NULL),
(221, 429, 1, '2024-07-01', '2024-09-20', '2024-04-16 13:20:01', NULL),
(222, 430, 1, '2024-07-01', '2024-09-20', '2024-04-16 13:20:54', NULL),
(223, 438, 1, '2024-07-01', '2024-09-20', '2024-04-16 13:22:26', NULL),
(224, 432, 1, '2024-07-01', '2024-09-20', '2024-04-16 13:23:05', NULL),
(225, 437, 1, '2024-07-01', '2024-09-20', '2024-04-16 13:24:00', NULL),
(226, 420, 1, '2024-07-01', '2024-09-20', '2024-04-16 13:24:33', NULL),
(227, 350, 1, '2024-07-01', '2024-12-20', '2024-04-18 12:57:57', NULL),
(228, 306, 1, '2024-07-01', '2024-09-27', '2024-04-22 07:09:04', NULL),
(229, 333, 1, '2024-07-01', '2024-09-27', '2024-04-22 07:10:14', NULL),
(230, 20003, 1, '2024-07-01', '2024-09-27', '2024-04-22 12:17:50', NULL),
(231, 20003, 1, '2022-09-05', '2022-12-02', '2024-04-22 12:28:40', NULL),
(232, 20003, 1, '2019-05-13', '2019-08-09', '2024-04-22 12:33:00', NULL),
(234, 311, 1, '2024-07-01', '2024-09-20', '2024-04-26 09:19:46', NULL),
(235, 260, 1, '2024-06-10', '2024-09-06', '2024-05-13 10:31:00', NULL),
(245, 498, 1, '2024-06-23', '2024-06-28', '2024-05-29 12:23:22', NULL),
(246, 487, 1, '2024-06-23', '2024-06-28', '2024-05-29 12:28:03', NULL),
(247, 134, 1, '2024-06-23', '2024-06-28', '2024-05-29 12:28:55', NULL),
(248, 344, 1, '2024-09-23', '2024-12-20', '2024-06-04 12:48:24', NULL),
(251, 402, 1, '2024-08-26', '2025-02-21', '2024-06-05 13:31:53', NULL),
(252, 506, 1, '2024-09-23', '2024-12-20', '2024-06-05 13:39:48', NULL),
(253, 310, 1, '2024-09-02', '2024-11-29', '2024-06-10 09:55:18', NULL),
(254, 209, 1, '2024-09-02', '2024-11-29', '2024-06-10 09:57:13', NULL),
(256, 504, 1, '2024-09-23', '2024-12-20', '2024-06-24 12:12:24', NULL),
(257, 493, 1, '2024-09-02', '2024-11-29', '2024-06-27 13:16:27', NULL),
(258, 489, 1, '2024-09-02', '2024-11-29', '2024-06-27 13:16:56', NULL),
(259, 427, 1, '2024-09-02', '2024-11-29', '2024-06-27 13:17:21', NULL),
(260, 388, 1, '2024-09-02', '2024-11-29', '2024-06-27 13:18:02', NULL),
(261, 424, 1, '2024-09-02', '2024-11-29', '2024-06-27 13:18:27', NULL),
(262, 230, 1, '2024-09-02', '2024-11-29', '2024-06-27 13:18:54', NULL),
(263, 226, 1, '2024-09-02', '2024-11-29', '2024-06-27 13:20:02', NULL),
(264, 302, 1, '2024-09-02', '2024-11-29', '2024-06-27 13:20:19', NULL),
(265, 321, 1, '2024-09-02', '2024-11-29', '2024-06-27 13:20:44', NULL),
(266, 382, 1, '2024-09-02', '2024-11-29', '2024-06-27 13:21:26', NULL),
(267, 485, 1, '2024-09-02', '2024-11-29', '2024-06-27 13:21:45', NULL),
(268, 407, 1, '2024-07-22', '2024-12-23', '2024-07-08 13:10:10', NULL),
(270, 252, 1, '2024-09-23', '2024-12-20', '2024-07-10 07:41:55', NULL),
(272, 499, 1, '2024-09-23', '2024-12-20', '2024-07-12 08:21:45', NULL),
(273, 330, 1, '2024-09-23', '2024-12-20', '2024-07-12 08:24:44', NULL),
(274, 447, 1, '2024-09-23', '2024-12-20', '2024-07-12 08:28:01', NULL),
(276, 501, 1, '2024-09-23', '2024-12-20', '2024-07-12 08:30:59', NULL),
(277, 450, 1, '2024-09-23', '2024-12-20', '2024-07-12 08:31:20', NULL),
(278, 224, 1, '2024-09-23', '2024-12-20', '2024-07-12 10:32:19', NULL),
(279, 352, 1, '2024-09-23', '2024-12-20', '2024-07-12 10:32:49', NULL),
(280, 425, 1, '2024-09-23', '2024-12-20', '2024-07-12 10:33:15', NULL),
(281, 428, 1, '2024-09-23', '2024-12-20', '2024-07-12 10:33:34', NULL),
(285, 367, 1, '2024-09-23', '2024-12-13', '2024-07-12 10:35:11', NULL),
(286, 436, 1, '2024-09-23', '2024-12-20', '2024-07-12 10:49:28', NULL),
(287, 481, 1, '2024-09-23', '2024-12-20', '2024-07-12 10:51:02', NULL),
(288, 483, 1, '2024-09-23', '2024-12-20', '2024-07-12 10:53:51', NULL),
(290, 484, 1, '2024-09-23', '2024-12-23', '2024-07-16 07:12:39', NULL),
(294, 416, 1, '2024-08-26', '2024-11-22', '2024-07-26 07:15:03', NULL),
(295, 328, 1, '2024-09-23', '2024-12-20', '2024-07-26 13:52:22', NULL),
(296, 454, 1, '2024-09-23', '2024-12-20', '2024-07-26 13:52:50', NULL),
(320, 464, 1, '2024-11-04', '2024-11-29', '2024-09-23 13:34:54', NULL),
(321, 487, 1, '2024-11-04', '2024-11-29', '2024-09-23 13:35:10', NULL),
(322, 134, 1, '2024-11-04', '2024-11-08', '2024-09-23 13:38:38', NULL),
(323, 299, 1, '2024-10-21', '2024-11-22', '2024-09-24 09:21:15', NULL),
(324, 357, 1, '2024-10-14', '2024-12-20', '2024-09-25 07:11:35', NULL),
(325, 477, 1, '2024-10-14', '2024-12-20', '2024-09-25 07:12:00', NULL),
(326, 504, 1, '2025-01-06', '2025-03-28', '2024-10-08 08:29:37', 8),
(327, 515, 1, '2025-01-06', '2025-03-28', '2024-10-08 08:29:44', 7),
(328, 486, 1, '2025-01-06', '2025-03-28', '2024-10-08 08:29:49', 6),
(329, 401, 1, '2025-01-06', '2025-03-28', '2024-10-15 08:42:53', 12),
(330, 420, 1, '2025-01-06', '2025-03-28', '2024-10-15 08:43:00', 13),
(331, 516, 1, '2025-01-06', '2025-03-28', '2024-10-15 08:43:06', 14),
(332, 435, 1, '2025-01-06', '2025-03-28', '2024-10-15 08:43:10', 15),
(333, 455, 1, '2025-01-06', '2025-03-28', '2024-10-15 08:43:16', 16),
(334, 462, 1, '2025-01-06', '2025-03-28', '2024-10-15 08:43:20', 17),
(335, 479, 1, '2025-01-06', '2025-03-28', '2024-10-15 08:43:27', 18),
(336, 473, 1, '2025-01-06', '2025-03-28', '2024-10-15 08:43:33', 20),
(337, 222, 1, '2025-01-06', '2025-03-28', '2024-10-15 08:43:44', 11),
(338, 507, 1, '2025-01-06', '2025-03-28', '2024-10-15 08:43:52', 19),
(340, 284, 1, '2025-01-06', '2025-03-28', '2024-10-15 10:55:57', 21),
(341, 283, 1, '2025-01-06', '2026-12-18', '2024-10-16 08:59:16', 26),
(342, 226, 1, '2025-01-06', '2026-12-18', '2024-10-16 08:59:25', 25),
(343, 322, 1, '2025-01-06', '2026-12-18', '2024-10-16 08:59:38', 24),
(344, 313, 1, '2025-01-06', '2025-03-28', '2024-10-16 08:59:48', 23),
(345, 302, 1, '2025-01-06', '2025-03-28', '2024-10-16 08:59:55', 22),
(346, 356, 1, '2025-01-06', '2026-12-18', '2024-10-16 10:20:16', 29),
(347, 372, 1, '2025-01-06', '2026-12-18', '2024-10-16 10:20:20', 28),
(348, 321, 1, '2025-01-06', '2026-12-18', '2024-10-16 10:20:24', 27),
(350, 329, 1, '2025-01-06', '2025-03-28', '2024-10-18 08:50:58', 31),
(351, 323, 1, '2025-01-06', '2025-03-28', '2024-10-18 08:51:05', 30),
(352, 499, 1, '2025-01-06', '2025-03-28', '2024-10-18 13:09:10', 36),
(353, 345, 1, '2025-01-06', '2025-03-28', '2024-10-18 13:09:14', 35),
(354, 306, 1, '2025-01-27', '2025-04-25', '2024-10-28 08:12:03', 37),
(355, 471, 1, '2025-01-27', '2025-04-25', '2024-10-28 08:12:11', 38),
(356, 508, 1, '2025-01-27', '2025-04-25', '2024-10-28 08:12:15', 39),
(357, 383, 1, '2025-01-27', '2025-04-25', '2024-10-28 10:29:50', 40),
(358, 444, 1, '2025-01-27', '2025-04-25', '2024-10-28 10:34:56', 41),
(359, 485, 1, '2025-01-27', '2025-04-25', '2024-11-04 08:04:14', 42),
(360, 377, 1, '2025-01-27', '2025-04-25', '2024-11-04 08:04:19', 43),
(361, 413, 1, '2025-01-27', '2025-04-25', '2024-11-04 08:04:27', 44),
(362, 433, 1, '2025-01-27', '2025-04-25', '2024-11-04 08:04:32', 45),
(363, 491, 1, '2025-01-27', '2025-04-25', '2024-11-04 08:04:36', 46),
(364, 492, 1, '2025-01-27', '2025-04-25', '2024-11-04 08:04:39', 47),
(365, 494, 1, '2025-01-27', '2025-04-25', '2024-11-04 08:04:43', 48),
(366, 288, 1, '2025-01-10', '2025-04-28', '2024-11-12 08:13:17', NULL),
(367, 314, 1, '2025-01-10', '2025-04-28', '2024-11-12 08:13:45', NULL),
(368, 173, 1, '2025-01-06', '2025-04-28', '2024-11-12 08:14:24', NULL),
(369, 174, 1, '2025-01-06', '2025-04-28', '2024-11-12 08:14:57', NULL),
(370, 320, 1, '2025-01-06', '2025-04-28', '2024-11-12 08:15:18', NULL),
(371, 407, 1, '2025-01-06', '2025-07-31', '2024-11-12 08:15:37', NULL),
(372, 484, 1, '2025-01-06', '2025-04-28', '2024-11-12 08:15:54', NULL),
(373, 510, 1, '2025-01-14', '2025-03-28', '2024-11-22 09:42:37', NULL),
(374, 260, 1, '2025-01-06', '2025-04-04', '2024-11-28 08:55:13', 49),
(375, 291, 1, '2025-03-31', '2025-06-20', '2025-01-16 10:18:21', 50),
(376, 344, 1, '2025-03-31', '2025-06-20', '2025-01-16 10:18:38', 51),
(377, 506, 1, '2025-03-31', '2025-06-20', '2025-01-16 10:18:46', 52),
(386, 450, 1, '2025-03-31', '2025-06-20', '2025-01-22 10:33:09', 57),
(387, 503, 1, '2025-03-31', '2025-06-20', '2025-01-22 10:33:16', 56),
(388, 426, 1, '2025-03-31', '2025-06-20', '2025-01-22 10:33:20', 55),
(390, 447, 1, '2025-03-31', '2025-06-20', '2025-01-22 10:37:09', 58),
(394, 505, 1, '2025-03-31', '2025-06-20', '2025-01-22 13:56:19', 54),
(395, 209, 1, '2025-03-31', '2025-06-20', '2025-01-22 13:56:27', 53),
(396, 352, 1, '2025-03-31', '2025-06-20', '2025-01-24 10:32:24', 59),
(397, 404, 1, '2025-03-31', '2025-06-20', '2025-01-24 10:36:25', 60),
(398, 432, 1, '2025-03-31', '2025-06-20', '2025-01-24 10:41:35', 63),
(399, 423, 1, '2025-03-31', '2025-06-20', '2025-01-24 10:41:40', 62),
(400, 414, 1, '2025-03-31', '2025-06-20', '2025-01-24 10:41:44', 61),
(401, 438, 1, '2025-03-31', '2025-06-20', '2025-01-24 10:43:12', 64),
(402, 461, 1, '2025-03-31', '2025-06-20', '2025-01-24 10:46:07', 65),
(403, 463, 1, '2025-03-31', '2025-06-20', '2025-01-24 10:46:59', 66),
(404, 270, 1, '2025-03-31', '2025-06-20', '2025-01-24 13:48:41', 69),
(405, 477, 1, '2025-03-31', '2025-06-20', '2025-01-24 13:48:46', 68),
(406, 357, 1, '2025-03-31', '2025-06-20', '2025-01-24 13:48:52', 67),
(407, 284, 1, '2025-05-12', '2025-08-08', '2025-02-05 16:31:11', 70),
(408, 313, 1, '2025-05-12', '2025-08-08', '2025-02-05 16:31:16', 71),
(409, 346, 1, '2025-05-12', '2025-08-08', '2025-02-05 16:31:19', 72),
(410, 439, 1, '2025-05-12', '2025-06-12', '2025-02-21 08:33:59', 74),
(411, 495, 1, '2025-05-12', '2025-08-08', '2025-02-27 16:21:53', 81),
(412, 496, 1, '2025-05-12', '2025-08-08', '2025-02-27 16:21:58', 80),
(413, 490, 1, '2025-05-12', '2025-08-08', '2025-02-27 16:22:02', 79),
(414, 470, 1, '2025-05-12', '2025-08-08', '2025-02-27 16:22:06', 78),
(415, 396, 1, '2025-05-12', '2025-08-08', '2025-02-27 16:22:11', 77),
(416, 387, 1, '2025-05-12', '2025-08-08', '2025-02-27 16:22:16', 76),
(417, 416, 1, '2025-03-31', '2025-06-27', '2025-02-27 16:22:21', 75),
(418, 252, 1, '2025-05-12', '2025-08-08', '2025-02-28 08:56:38', 82),
(421, 158, 1, '2025-04-14', '2025-04-16', '2025-03-10 10:47:43', 86),
(422, 504, 1, '2025-06-23', '2025-09-19', '2025-04-09 12:41:51', 89),
(423, 486, 1, '2025-06-23', '2025-09-19', '2025-04-09 12:41:56', 88),
(424, 515, 1, '2025-06-23', '2025-09-19', '2025-04-09 12:42:01', 87),
(425, 469, 1, '2025-06-23', '2025-09-19', '2025-04-10 09:51:50', 90),
(426, 472, 1, '2025-06-23', '2025-09-19', '2025-04-10 09:51:55', 91),
(427, 311, 1, '2025-06-23', '2025-09-19', '2025-04-10 09:51:59', 92),
(428, 467, 1, '2025-06-23', '2025-09-19', '2025-04-10 09:52:03', 93),
(429, 334, 1, '2025-06-23', '2025-09-19', '2025-04-14 14:47:18', 94),
(430, 502, 1, '2025-06-23', '2025-09-19', '2025-04-14 16:28:02', 95),
(431, 290, 1, '2025-06-23', '2025-09-19', '2025-04-14 16:28:08', 96),
(433, 390, 1, '2025-06-23', '2025-09-19', '2025-04-15 10:42:32', 98),
(434, 429, 1, '2025-06-23', '2025-09-19', '2025-04-15 10:56:53', 99),
(435, 437, 1, '2025-06-23', '2025-09-19', '2025-04-15 10:57:00', 100),
(436, 516, 1, '2025-06-23', '2025-09-19', '2025-04-15 11:03:47', 101),
(437, 436, 1, '2025-06-23', '2025-09-19', '2025-04-15 11:07:58', 102),
(438, 460, 1, '2025-06-23', '2025-09-19', '2025-04-15 11:09:18', 103),
(439, 475, 1, '2025-06-23', '2025-12-19', '2025-04-15 16:40:06', 106),
(440, 501, 1, '2025-06-23', '2025-12-19', '2025-04-15 16:40:10', 105),
(441, 330, 1, '2025-06-23', '2025-12-19', '2025-04-15 16:40:14', 104),
(442, 373, 1, '2025-06-23', '2025-12-19', '2025-04-16 14:59:13', 107),
(443, 413, 3, '2025-06-17', '2025-07-04', '2025-05-19 12:27:50', 111),
(444, 381, 3, '2025-06-17', '2025-07-04', '2025-05-19 12:27:54', 110),
(445, 260, 1, '2025-06-23', '2025-09-19', '2025-05-21 10:41:30', 112),
(446, 302, 1, '2025-09-22', '2025-11-28', '2025-05-27 08:35:35', 113),
(447, 376, 1, '2025-09-01', '2025-11-28', '2025-05-27 08:35:43', 114),
(448, 478, 1, '2025-09-22', '2025-12-19', '2025-05-27 10:35:44', 120),
(449, 417, 1, '2025-09-22', '2025-12-19', '2025-05-27 10:35:57', 119),
(450, 489, 1, '2025-09-22', '2025-12-19', '2025-05-27 10:36:06', 118),
(451, 381, 1, '2025-09-22', '2025-12-19', '2025-05-27 10:36:14', 117),
(453, 263, 1, '2025-09-22', '2025-12-19', '2025-05-27 10:36:35', 115),
(454, 509, 1, '2025-09-01', '2026-08-07', '2025-05-27 12:19:05', 121),
(455, 305, 1, '2025-09-01', '2025-11-28', '2025-05-29 08:33:03', 122),
(456, 508, 1, '2025-09-01', '2025-11-28', '2025-05-29 08:33:08', 123),
(457, 447, 1, '2025-09-01', '2025-11-28', '2025-05-29 08:33:14', 124),
(458, 450, 1, '2025-09-01', '2025-11-28', '2025-05-29 08:33:19', 125),
(459, 406, 1, '2025-09-01', '2025-11-28', '2025-05-29 13:17:28', 126),
(460, 306, 1, '2025-09-01', '2025-11-28', '2025-05-30 16:22:20', 127),
(461, 358, 1, '2025-09-22', '2025-12-19', '2025-05-30 16:22:27', 128),
(462, 471, 1, '2025-09-22', '2025-12-19', '2025-05-30 16:22:31', 129),
(463, 406, 1, '2024-09-02', '2024-11-29', '2025-06-04 15:29:33', NULL),
(464, 382, 1, '2025-09-01', '2025-11-28', '2025-06-04 21:06:52', 130),
(465, 383, 1, '2025-09-01', '2025-11-28', '2025-06-04 21:06:58', 131),
(466, 523, 1, '2025-09-22', '2025-11-28', '2025-06-04 21:07:05', 132),
(467, 224, 1, '2025-09-22', '2025-12-19', '2025-06-16 15:10:21', 133),
(468, 221, 1, '2025-09-22', '2025-12-19', '2025-06-16 15:17:22', 134),
(469, 428, 1, '2025-09-22', '2025-12-19', '2025-06-16 15:28:35', 136),
(470, 425, 1, '2025-09-22', '2025-12-19', '2025-06-16 15:28:43', 135),
(471, 481, 1, '2025-09-22', '2025-12-19', '2025-06-16 15:32:10', 138),
(472, 434, 1, '2025-09-22', '2025-12-19', '2025-06-16 15:32:17', 137),
(473, 459, 1, '2025-09-22', '2025-12-19', '2025-06-16 15:42:15', 140),
(474, 531, 1, '2025-09-22', '2025-12-19', '2025-06-16 15:42:21', 139),
(475, 507, 1, '2025-09-29', '2025-12-19', '2025-06-17 08:59:32', 142),
(476, 505, 1, '2025-09-22', '2025-12-19', '2025-06-17 08:59:36', 141),
(477, 230, 1, '2025-09-22', '2025-12-19', '2025-06-18 16:30:43', 143),
(478, 480, 1, '2025-09-22', '2025-12-19', '2025-06-20 13:59:29', 145),
(479, 328, 1, '2025-09-22', '2025-12-19', '2025-06-20 13:59:34', 144),
(480, 350, 1, '2025-09-22', '2025-12-19', '2025-06-20 16:52:10', 146),
(481, 506, 1, '2025-09-22', '2025-12-19', '2025-06-26 11:17:04', 149),
(482, 344, 1, '2025-09-22', '2025-12-19', '2025-06-26 11:17:09', 148),
(483, 291, 1, '2025-09-22', '2025-12-19', '2025-06-26 11:17:15', 147),
(484, 524, 1, '2025-09-22', '2025-11-28', '2025-07-01 15:18:53', 150),
(485, 212, 1, '2025-08-25', '2025-12-12', '2025-07-10 12:27:28', NULL),
(486, 423, 1, '2025-08-18', '2025-09-26', '2025-08-06 09:43:38', NULL),
(488, 261, 1, '2026-01-05', '2026-03-27', '2025-09-02 10:40:14', 152),
(489, 515, 1, '2026-01-05', '2026-03-27', '2025-09-02 10:40:18', 151),
(490, 402, 1, '2025-11-12', '2026-05-12', '2025-09-12 14:07:07', 154),
(491, 350, 1, '2026-01-05', '2026-03-27', '2025-09-17 07:30:17', 155),
(492, 499, 1, '2026-01-05', '2026-03-27', '2025-09-17 07:30:22', 156),
(493, 281, 1, '2026-01-05', '2026-03-27', '2025-09-19 17:02:05', 157),
(494, 468, 1, '2026-01-12', '2026-03-27', '2025-09-25 16:00:37', 159),
(495, 406, 1, '2026-01-05', '2026-06-19', '2025-09-25 16:00:42', 158),
(496, 404, 1, '2026-01-05', '2026-03-27', '2025-09-26 17:47:29', 160),
(497, 525, 1, '2026-01-05', '2026-03-27', '2025-09-29 13:04:41', 165),
(498, 313, 1, '2026-01-05', '2026-03-27', '2025-09-29 13:04:50', 164),
(499, 302, 1, '2026-01-05', '2026-03-27', '2025-09-29 13:05:10', 163),
(500, 454, 1, '2026-01-05', '2026-03-27', '2025-09-29 13:05:35', 162),
(501, 426, 1, '2026-01-05', '2026-03-27', '2025-09-29 13:05:46', 161),
(502, 438, 1, '2026-01-05', '2026-03-27', '2025-09-30 16:30:36', 166),
(503, 516, 1, '2026-01-05', '2026-03-27', '2025-09-30 16:30:43', 167),
(504, 367, 1, '2026-01-05', '2026-03-27', '2025-09-30 16:30:49', 168),
(505, 420, 1, '2026-01-05', '2026-03-27', '2025-09-30 16:30:56', 169),
(506, 462, 1, '2026-01-05', '2026-03-27', '2025-09-30 16:31:02', 170),
(507, 500, 1, '2026-01-05', '2026-03-27', '2025-09-30 16:31:08', 171),
(508, 463, 1, '2026-01-05', '2026-03-27', '2025-09-30 16:31:14', 172),
(509, 252, 1, '2026-01-26', '2026-04-24', '2025-09-30 16:31:21', 173),
(510, 522, 1, '2026-01-26', '2026-04-24', '2025-09-30 16:31:28', 174),
(511, 444, 1, '2026-01-26', '2026-04-24', '2025-09-30 16:31:44', 175),
(512, 387, 1, '2026-01-05', '2026-03-27', '2025-09-30 16:31:52', 176),
(513, 490, 1, '2026-01-05', '2026-03-27', '2025-09-30 16:31:59', 177),
(514, 495, 1, '2026-01-05', '2026-03-27', '2025-09-30 16:49:48', 178),
(515, 427, 1, '2026-01-05', '2026-03-27', '2025-09-30 16:49:53', 179),
(516, 491, 1, '2026-01-05', '2026-03-27', '2025-09-30 16:49:58', 180),
(517, 492, 1, '2026-01-05', '2026-03-27', '2025-09-30 16:50:02', 181),
(518, 532, 1, '2026-01-05', '2026-03-27', '2025-09-30 17:41:12', 182),
(519, 530, 1, '2026-01-05', '2026-03-27', '2025-09-30 17:52:45', 183),
(520, 306, 1, '2026-01-05', '2026-06-19', '2025-10-06 05:58:00', 185),
(521, 330, 1, '2026-01-05', '2026-06-19', '2025-10-06 05:58:12', 184),
(522, 173, 1, '2026-01-05', '2026-03-27', '2025-10-10 08:42:22', 186),
(523, 450, 1, '2026-01-26', '2026-06-19', '2025-10-20 10:01:49', 190),
(524, 305, 1, '2026-01-26', '2026-06-19', '2025-10-20 10:01:55', 189),
(525, 447, 1, '2026-01-26', '2026-06-19', '2025-10-20 10:02:00', 188),
(526, 501, 1, '2026-01-26', '2026-04-24', '2025-10-20 10:02:05', 187),
(527, 508, 1, '2026-01-26', '2026-06-19', '2025-10-20 10:04:32', 191),
(528, 357, 1, '2026-01-26', '2026-04-24', '2025-10-20 10:07:25', 192),
(529, 477, 1, '2026-01-26', '2026-04-24', '2025-10-20 10:17:11', 194),
(530, 270, 1, '2026-01-26', '2026-04-24', '2025-10-20 10:17:15', 193),
(531, 529, 1, '2026-01-26', '2026-04-24', '2025-10-20 10:26:01', 195),
(532, 538, 1, '2026-01-26', '2026-04-24', '2025-10-20 10:32:25', 196),
(533, 212, 1, '2026-01-26', '2026-03-06', '2025-10-20 16:24:35', 197),
(534, 423, 1, '2026-01-05', '2026-03-27', '2025-11-06 15:08:16', 198),
(535, 173, 1, '2025-05-13', '2025-09-30', '2025-11-11 12:21:20', NULL),
(536, 288, 1, '2025-05-09', '2025-09-30', '2025-11-11 12:22:53', NULL),
(537, 320, 1, '2025-05-12', '2025-09-30', '2025-11-11 12:23:53', NULL),
(538, 314, 1, '2025-05-13', '2025-09-30', '2025-11-11 12:24:20', NULL),
(539, 484, 1, '2025-05-09', '2025-10-31', '2025-11-11 12:26:34', NULL),
(540, 260, 1, '2026-01-05', '2026-04-03', '2025-12-01 13:57:24', 199),
(542, 344, 1, '2026-03-30', '2026-06-19', '2026-01-07 16:07:39', 201),
(543, 291, 1, '2026-03-30', '2026-06-19', '2026-01-07 16:07:43', 200),
(544, 209, 1, '2026-03-30', '2026-06-19', '2026-01-08 08:39:52', 204),
(545, 469, 1, '2026-03-30', '2026-06-19', '2026-01-08 08:39:59', 203),
(547, 224, 1, '2026-03-30', '2026-06-19', '2026-01-09 15:55:14', 206),
(548, 425, 1, '2026-03-30', '2026-06-19', '2026-01-09 16:00:58', 207),
(549, 429, 1, '2026-03-30', '2026-06-19', '2026-01-09 16:04:35', 209),
(550, 437, 1, '2026-03-30', '2026-06-19', '2026-01-09 16:04:40', 208),
(551, 435, 1, '2026-03-30', '2026-06-19', '2026-01-09 16:06:25', 210),
(552, 473, 1, '2026-03-30', '2026-06-19', '2026-01-09 16:22:38', 211),
(553, 502, 1, '2026-03-30', '2026-06-19', '2026-01-09 16:22:43', 212),
(554, 396, 1, '2026-03-30', '2026-06-19', '2026-01-09 17:18:51', 220),
(555, 494, 1, '2026-03-30', '2026-06-19', '2026-01-09 17:18:55', 219),
(556, 478, 1, '2026-03-30', '2026-09-18', '2026-01-09 17:19:00', 218),
(557, 381, 1, '2026-03-30', '2026-09-18', '2026-01-09 17:19:05', 217),
(558, 387, 1, '2026-03-28', '2026-06-19', '2026-01-09 17:19:09', 216),
(559, 496, 1, '2026-03-30', '2026-06-19', '2026-01-09 17:19:13', 215),
(560, 377, 1, '2026-03-30', '2026-09-18', '2026-01-09 17:19:21', 214),
(561, 489, 1, '2026-03-30', '2026-06-19', '2026-01-09 17:19:25', 213),
(562, 534, 1, '2026-03-30', '2026-06-19', '2026-01-12 07:52:57', 221),
(563, 420, 1, '2026-03-28', '2026-06-19', '2026-01-12 07:53:06', 222),
(564, 439, 1, '2026-05-11', '2026-08-07', '2026-02-03 11:07:00', 223),
(565, 515, 1, '2026-04-06', '2026-06-19', '2026-02-09 09:17:37', 224),
(566, 526, 1, '2026-05-11', '2026-08-07', '2026-02-09 14:04:59', 227),
(567, 407, 1, '2026-05-11', '2026-08-07', '2026-02-09 14:05:03', 226),
(568, 313, 1, '2026-05-11', '2026-08-07', '2026-02-09 14:05:08', 225),
(569, 383, 1, '2026-05-11', '2026-08-07', '2026-02-11 08:19:40', 229),
(570, 382, 1, '2026-05-11', '2026-08-07', '2026-02-11 08:19:45', 228),
(571, 416, 1, '2026-03-30', '2026-06-26', '2026-02-16 11:00:55', 230),
(572, 299, 1, '2026-05-11', '2026-08-07', '2026-02-19 16:41:22', 231),
(573, 480, 1, '2026-03-30', '2026-06-19', '2026-02-20 14:55:18', 232),
(574, 539, 1, '2026-03-09', '2026-03-26', '2026-03-04 12:22:27', NULL),
(575, 212, 1, '2026-04-08', '2026-04-09', '2026-03-04 13:25:40', 234);

-- --------------------------------------------------------

--
-- Table structure for table `invitation_list`
--

CREATE TABLE `invitation_list` (
  `invitation_id` int(11) NOT NULL,
  `invitation_type` varchar(100) CHARACTER SET utf8 COLLATE utf8_general_ci NOT NULL
) ENGINE=InnoDB DEFAULT CHARSET=utf8mb4 COLLATE=utf8mb4_general_ci;

--
-- Dumping data for table `invitation_list`
--

INSERT INTO `invitation_list` (`invitation_id`, `invitation_type`) VALUES
(1, 'Invitation letter for multiple business travel visa has already been sent via courier.'),
(2, 'Invitation letter for single business travel visa has already been sent via courier'),
(3, 'Invitation letter is not required.');

-- --------------------------------------------------------

--
-- Table structure for table `khi_details`
--

CREATE TABLE `khi_details` (
  `id` int(11) NOT NULL,
  `number` int(11) NOT NULL,
  `surname` text NOT NULL,
  `firstname` text NOT NULL,
  `group_id` int(11) NOT NULL,
  `email` varchar(50) NOT NULL DEFAULT '@global.kawasaki.com',
  `is_active` tinyint(4) NOT NULL DEFAULT 1
) ENGINE=InnoDB DEFAULT CHARSET=utf8mb4 COLLATE=utf8mb4_general_ci;

--
-- Dumping data for table `khi_details`
--

INSERT INTO `khi_details` (`id`, `number`, `surname`, `firstname`, `group_id`, `email`, `is_active`) VALUES
(1, 464, 'Coquia', 'Joshua', 16, 'coquia-kdt@global.kawasaki.com', 1),
(2, 487, 'Medrano', 'Collene', 16, 'medrano_c-kdt@global.kawasaki.com', 1),
(3, 510, 'Hernandez', 'Dexmel', 16, 'hernandez-kdt@global.kawasaki.com', 1),
(4, 518, 'Reyes', 'Dave', 16, 'reyes_d@global.kawasaki.com', 1),
(5, 521, 'Cabiso', 'Sean', 16, 'cabiso-kdt@global.kawasaki.com', 1),
(6, 212, 'Lazaro', 'Edmon', 16, 'lazaro-kdt@global.kawasaki.com', 1),
(7, 307, 'Ballon', 'Veronica', 10, 'mendoza-kdt@global.kawasaki.com', 1),
(8, 370, 'Nopra', 'Candy', 10, 'nopra-kdt@global.kawasaki.com', 1),
(9, 439, 'Arroyo', 'Micah', 10, 'arroyo-kdt@global.kawasaki.com', 1),
(10, 440, 'Panginbayan', 'Rochelle', 10, 'panginbayan-kdt@global.kawasaki.com', 1),
(11, 514, 'Taub', 'Lorraine', 10, 'taub-kdt@global.kawasaki.com', 1),
(12, 905007, 'Takenaka', 'Yukihiro', 2, 'takenaka_yu@global.kawasaki.com', 1),
(13, 990002, 'takeshi', 'kurosumi', 2, 'kurosumi_takeshi@global.kawasaki.com', 0),
(14, 205505, 'sasaki', 'moka', 2, 'sasaki_moka@global.kawasaki.com', 0),
(15, 70510, 'matsumoto', 'nori', 2, 'matsumoto_nori@global.kawasaki.com', 1),
(17, 35502, 'kanari', 'hirotaka ', 2, 'kanari_h@global.kawasaki.com', 1),
(18, 235020, 'takada', 'yuma', 2, 'takada_yuma@global.kawasaki.com', 1),
(19, 22514, 'matsuba', 'yudai', 2, 'matsuba_yudai@global.kawasaki.com', 1),
(20, 75006, 'satake ', 'yusuke ', 20, 'satake_yu@global.kawasaki.com', 1),
(21, 25009, 'shirai ', 'masao', 15, 'shirai_masao@global.kawasaki.com', 0),
(22, 125064, 'hattori ', 'hideyuki ', 18, 'hattori_hi@global.kawasaki.com', 1),
(23, 155011, 'aoki ', 'takahiro', 13, 'aoki_takahiro@global.kawasaki.com', 1),
(24, 195039, 'fukuhara ', 'taisuke ', 6, 'fukuhara_ta@global.kawasaki.com', 1),
(25, 22305, 'murakami ', 'takayuki ', 7, 'murakami_takayuki@global.kawasaki.com', 1),
(26, 155502, 'watanabe ', 'kazuo ', 4, 'watanabe_kaz@global.kawasaki.com', 1),
(27, 125047, 'tsujimoto ', 'takahashi', 7, 'tsujimoto_t@global.kawasaki.com', 1),
(28, 940022, 'kohnoki ', 'jun ', 12, 'kohnoki_j@global.kawasaki.com ', 1),
(29, 155012, 'akayama', 'yuta', 12, 'akayana_yuta@global.kawasaki.com ', 1),
(30, 145048, 'chiba ', 'tatsuro ', 8, 'chiba_ta@global.kawasaki.com ', 1),
(31, 105031, 'fukui ', 'shimpei ', 5, 'fukui_shi@global.kawasaki.com ', 0),
(32, 75011, 'matsuura ', 'ken ', 5, 'matuura_k@global.kawasaki.com ', 1),
(33, 10, 'Tan', 'Erwin', 14, 'tan-g1@global.kawasaki.com', 1),
(34, 134, 'Becina', 'Artemio Roel', 5, 'becina-kdt@global.kawasaki.com', 1),
(35, 104, 'Veloso', 'Ernesto', 14, 'veloso-kdt@global.kawasaki.com', 1),
(36, 498, 'Cerdan Jr.', 'Tagumpay', 16, 'cerdan_t-kdt@global.kawasaki.com', 0),
(37, 216806, 'Kurita', 'Hiroki', 9, 'kurita_hi@global.kawasaki.com', 1),
(38, 915043, 'Fujita', 'Shizuo', 20, 'fujita_s@global.kawasaki.com', 1),
(39, 914026, 'Oka', 'Shigeyuki', 20, 'oka_s@global.kawasaki.com', 1),
(40, 5553, 'Okamoto', 'Syuji', 20, 'okamoto_s@global.kawasaki.com', 1),
(41, 95017, 'Tsukamoto', 'Yuta', 15, 'tsukamoto_yu@global.kawasaki.com', 1),
(42, 175035, 'Sakamoto', 'Yoshinari', 4, 'sakamoto_yoshinari@global.kawasaki.com', 1),
(43, 165042, 'Nakamori', 'Shota', 5, 'nakamori_s@global.kawasaki.com', 1),
(44, 195016, 'Okamoto', 'Kouhei', 5, 'okamoto_kouhei@global.kawasaki.com', 0),
(45, 224561, 'Tokumaru', 'Yujiro', 5, 'tokumaru_y@global.kawasaki.com', 1),
(46, 224569, 'Horii', 'Junta', 5, 'horii_jun@global.kawasaki.com', 0),
(47, 5604, 'Ueno', 'Ryosuke', 8, 'ueno_r@global.kawasaki.com', 1),
(48, 205029, 'Tsuchida', 'Yusuke', 8, 'tsuchida_yusuke@global.kawasaki.com', 1),
(49, 205028, 'Tanahashi', 'Heijiro', 8, 'tanahashi_he@global.kawasaki.com', 1),
(50, 224554, 'Taniguchi', 'Daisuke', 8, 'taniguchi_da@global.kawasaki.com', 1),
(51, 145047, 'Tanaka', 'Toshinori', 18, 'tanaka_toshino@global.kawasaki.com', 1),
(52, 244507, 'Sadakata', 'Yu', 2, 'sadakata_yuu@global.kawasaki.com', 1),
(53, 170426, 'Tamura', 'Kosuke', 16, 'tamura_kosuke@global.kawasaki.com', 1),
(54, 185024, 'Suzuki', 'Masato', 7, 'suzuki_masato@global.kawasaki.com', 1),
(55, 224526, 'Okutani', 'Tetsuya', 7, 'okutani_tetsuya@global.kawasaki.com', 1),
(56, 205039, 'Funaki', 'Ryosuke', 12, 'funaki_r@global.kawasaki.com', 1),
(57, 975012, 'Kuroda', 'Hirofumi', 15, 'kuroda_hirofumi@global.kawasaki.com', 1),
(58, 145707, 'tago', 'Kazuhito', 15, 'tago_k@global.kawasaki.com', 1),
(59, 924020, 'Endo', 'Kenichirou', 15, 'endo_k@global.kawasaki.com', 1),
(60, 175041, 'tamiya', 'amane', 15, 'tamiya_amane@global.kawasaki.com', 0),
(61, 236809, 'Dimaapi', 'Jasper', 9, 'jasper_d@global.kawasaki.com', 1),
(62, 926832, 'Takanami', 'Hirotoshi', 9, 'takanami_h@global.kawasaki.com', 1),
(63, 926835, 'Hirose', 'Jun', 9, 'hirose_j@global.kawasaki.com', 1),
(64, 956811, 'Kijima', 'Takashi', 9, 'kijima_taka@global.kawasaki.com', 1),
(65, 96806, 'Kitagawa', 'Masayasu', 9, 'kitagawa_masa@global.kawasaki.com', 1),
(66, 66815, 'Fukui', 'Youji', 9, 'fukui_yoji@global.kawasaki.com', 1),
(67, 186802, 'Mataga', 'Ami', 9, 'mataga_a@global.kawasaki.com', 1),
(68, 155045, 'Minami', 'Ryosuke', 8, 'minami_ryosuke@global.kawasaki.com', 1),
(69, 545, 'Kondo', 'Yuma', 2, 'kondo_yuuma@global.kawasaki.com', 1),
(71, 995601, 'Asano', 'Teiichiro', 2, 'asano_teiichiro@global.kawasaki.com', 1),
(72, 912005, 'Shirakawa', 'Kenji', 22, 'shirakawa_kenji@global.kawasaki.com', 1),
(73, 20523, 'Yasunaga', 'Ryo', 22, 'yasunaga_ryo@global.kawasaki.com', 1),
(74, 30502, 'Muraoka', 'Takashi', 22, 'muraoka_t@global.kawasaki.com', 1),
(75, 195024, 'sakai', 'eichi', 18, 'sakai_eichi@global.kawasaki.com', 1),
(77, 255005, 'Suzuki', 'Ryosuke', 5, 'suzuki_ryosuke@global.kawasaki.com', 1),
(78, 255024, 'Okuyama', 'Hitoshi', 5, 'okuyama_h@global.kawasaki.com', 1),
(79, 244819, 'Ogita', 'Shunsuke', 5, 'ogita_sh@global.kawasaki.com', 1),
(80, 165032, 'Kojima', 'Hideki', 15, 'kojima_h@global.kawasaki.com', 1),
(81, 115006, 'Akiyama', 'Yusuke', 15, 'akiyama_yusu@global.kawasaki.com', 1),
(82, 90004, 'ochiai', 'saburou', 2, 'ochiai_saburou@global.kawasaki.com', 0),
(83, 7132, 'Tanabe', 'Terumasa', 2, 'tanabe_terumasa@global.kawasaki.com', 1),
(84, 234506, 'Konishi', 'Ryo', 2, 'konishi_r@global.kawasaki.com', 1),
(85, 195027, 'Sato', 'Ryota', 8, 'sato_ryota@global.kawasaki.com', 1);

-- --------------------------------------------------------

--
-- Table structure for table `khi_permissions`
--

CREATE TABLE `khi_permissions` (
  `id` int(11) NOT NULL,
  `name` text NOT NULL
) ENGINE=InnoDB DEFAULT CHARSET=utf8mb4 COLLATE=utf8mb4_general_ci;

--
-- Dumping data for table `khi_permissions`
--

INSERT INTO `khi_permissions` (`id`, `name`) VALUES
(1, 'All Group Access');

-- --------------------------------------------------------

--
-- Table structure for table `khi_user_groups`
--

CREATE TABLE `khi_user_groups` (
  `id` int(11) NOT NULL,
  `user_id` int(11) NOT NULL,
  `group_id` int(11) NOT NULL
) ENGINE=InnoDB DEFAULT CHARSET=utf8mb4 COLLATE=utf8mb4_general_ci;

--
-- Dumping data for table `khi_user_groups`
--

INSERT INTO `khi_user_groups` (`id`, `user_id`, `group_id`) VALUES
(77, 545, 1),
(89, 7132, 2),
(19, 22514, 2),
(17, 35502, 2),
(15, 70510, 2),
(90, 234506, 2),
(18, 235020, 2),
(55, 244507, 2),
(12, 905007, 2),
(16, 975004, 2),
(79, 995601, 2),
(27, 22305, 4),
(28, 155502, 4),
(45, 175035, 4),
(92, 195039, 4),
(40, 134, 5),
(34, 75011, 5),
(46, 165042, 5),
(48, 224561, 5),
(86, 244819, 5),
(84, 255005, 5),
(85, 255024, 5),
(24, 155011, 6),
(25, 195039, 6),
(29, 125047, 7),
(60, 185024, 7),
(59, 224526, 7),
(50, 5604, 8),
(32, 145048, 8),
(76, 155045, 8),
(93, 195027, 8),
(52, 205028, 8),
(51, 205029, 8),
(53, 224554, 8),
(73, 66815, 9),
(72, 96806, 9),
(74, 186802, 9),
(71, 216806, 9),
(67, 236809, 9),
(68, 926832, 9),
(69, 926835, 9),
(70, 956811, 9),
(7, 307, 10),
(8, 370, 10),
(9, 439, 10),
(10, 440, 10),
(11, 514, 10),
(66, 75006, 10),
(26, 22305, 11),
(31, 155012, 12),
(61, 205039, 12),
(30, 940022, 12),
(23, 155011, 13),
(35, 10, 14),
(37, 104, 14),
(44, 95017, 15),
(88, 115006, 15),
(63, 145707, 15),
(87, 165032, 15),
(64, 924020, 15),
(62, 975012, 15),
(6, 212, 16),
(1, 464, 16),
(2, 487, 16),
(3, 510, 16),
(4, 518, 16),
(5, 521, 16),
(57, 170426, 16),
(22, 125064, 18),
(54, 145047, 18),
(83, 195024, 18),
(43, 5553, 20),
(20, 75006, 20),
(42, 914026, 20),
(41, 915043, 20),
(78, 912005, 21),
(81, 20523, 22),
(82, 30502, 22),
(80, 912005, 22);

-- --------------------------------------------------------

--
-- Table structure for table `khi_user_permissions`
--

CREATE TABLE `khi_user_permissions` (
  `id` int(11) NOT NULL,
  `permission_id` int(11) NOT NULL,
  `employee_id` int(11) NOT NULL
) ENGINE=InnoDB DEFAULT CHARSET=utf8mb4 COLLATE=utf8mb4_general_ci;

--
-- Dumping data for table `khi_user_permissions`
--

INSERT INTO `khi_user_permissions` (`id`, `permission_id`, `employee_id`) VALUES
(2, 1, 487),
(3, 1, 510),
(4, 1, 514),
(5, 1, 518),
(6, 1, 521),
(8, 1, 307),
(9, 1, 370),
(10, 1, 439),
(11, 1, 440),
(12, 1, 905007),
(13, 1, 22514),
(14, 1, 35502),
(15, 1, 70510),
(17, 1, 235020),
(18, 1, 975004),
(20, 1, 10),
(22, 1, 104),
(28, 1, 134),
(29, 1, 464),
(30, 1, 244507),
(31, 1, 170426),
(35, 1, 545),
(36, 1, 995601),
(37, 1, 7132),
(38, 1, 234506),
(41, 1, 212);

-- --------------------------------------------------------

--
-- Table structure for table `location_list`
--

CREATE TABLE `location_list` (
  `location_id` int(11) NOT NULL,
  `location_name` varchar(100) NOT NULL
) ENGINE=InnoDB DEFAULT CHARSET=utf8mb4 COLLATE=utf8mb4_general_ci;

--
-- Dumping data for table `location_list`
--

INSERT INTO `location_list` (`location_id`, `location_name`) VALUES
(1, 'Japan'),
(2, 'Philippines'),
(3, 'Third Countries');

-- --------------------------------------------------------

--
-- Table structure for table `passport_details`
--

CREATE TABLE `passport_details` (
  `passport_id` int(11) NOT NULL,
  `emp_number` int(11) NOT NULL,
  `passport_birthdate` date NOT NULL,
  `passport_number` text NOT NULL,
  `passport_issue` date NOT NULL,
  `passport_expiry` date NOT NULL,
  `date_added` datetime NOT NULL DEFAULT current_timestamp()
) ENGINE=InnoDB DEFAULT CHARSET=utf8mb4 COLLATE=utf8mb4_general_ci;

--
-- Dumping data for table `passport_details`
--

INSERT INTO `passport_details` (`passport_id`, `emp_number`, `passport_birthdate`, `passport_number`, `passport_issue`, `passport_expiry`, `date_added`) VALUES
(1, 464, '1999-08-15', 'P0592436B', '2019-02-08', '2029-02-07', '2023-12-06 15:36:01'),
(2, 173, '1983-12-24', 'P1871722C', '2022-10-04', '2032-10-03', '2023-12-20 16:02:39'),
(3, 224, '1985-03-29', 'P1546519C', '2022-09-03', '2032-09-02', '2023-12-20 16:09:18'),
(4, 352, '1989-08-28', 'P9481158A', '2018-11-09', '2028-11-08', '2023-12-20 16:10:59'),
(5, 367, '1990-05-24', 'P4529986B', '2020-01-24', '2030-01-23', '2023-12-20 16:12:34'),
(6, 425, '1994-09-22', 'P9335750B', '2022-03-25', '2032-03-24', '2023-12-20 16:14:03'),
(7, 430, '1995-08-13', 'P0223292B', '2019-01-14', '2029-01-13', '2023-12-20 16:15:15'),
(8, 460, '1998-08-19', 'P8375060B', '2021-12-03', '2031-12-02', '2023-12-20 16:16:51'),
(9, 462, '1998-10-08', 'P0074034B', '2019-01-12', '2029-01-11', '2023-12-20 16:18:16'),
(10, 382, '1991-11-19', 'P4748700B', '2020-02-08', '2030-02-07', '2023-12-20 16:19:32'),
(11, 444, '1996-01-26', 'P5647429A', '2018-01-17', '2028-01-16', '2023-12-20 16:20:17'),
(12, 485, '1999-09-09', 'P8006266A', '2018-07-19', '2028-07-18', '2023-12-20 16:21:13'),
(13, 461, '1997-05-20', 'P7500387B', '2021-08-31', '2031-08-30', '2023-12-21 07:40:03'),
(14, 226, '1985-01-23', 'P9774089A', '2018-12-01', '2028-11-30', '2023-12-22 10:41:30'),
(15, 174, '1983-06-30', 'P9231067B', '2022-03-18', '2032-03-17', '2023-12-22 10:46:44'),
(16, 346, '1991-04-15', 'P1392423C', '2022-08-20', '2032-08-19', '2023-12-22 10:55:37'),
(17, 288, '1989-01-10', 'P6046199B', '2021-01-06', '2031-01-05', '2023-12-22 12:09:57'),
(18, 314, '1983-11-17', 'P2053172C', '2022-10-15', '2032-10-14', '2023-12-22 12:52:25'),
(19, 252, '1983-05-16', 'P7627097A', '2018-06-21', '2028-06-20', '2023-12-22 14:47:23'),
(20, 383, '1990-05-16', 'P5476559B', '2020-09-07', '2030-09-06', '2023-12-22 14:53:30'),
(21, 313, '1987-07-24', 'P0944740C', '2022-07-16', '2032-07-15', '2024-01-16 12:50:18'),
(22, 321, '1985-03-26', 'P5869029B', '2020-11-26', '2030-11-25', '2024-01-16 12:57:36'),
(23, 322, '1987-02-28', 'P6278985A', '2018-03-05', '2028-04-04', '2024-01-16 13:02:25'),
(24, 320, '1984-03-23', 'P7924295B', '2021-10-19', '2031-10-18', '2024-01-16 13:05:52'),
(25, 372, '1991-12-01', 'P1436648B', '2019-04-11', '2029-04-10', '2024-01-16 13:09:59'),
(26, 376, '1990-10-19', 'P0978172C', '2022-07-19', '2032-07-18', '2024-01-16 13:16:48'),
(27, 302, '1987-12-02', 'P5977341B', '2020-12-18', '2030-12-17', '2024-01-16 13:20:25'),
(28, 356, '1991-02-07', 'P7939660A', '2018-07-14', '2028-07-13', '2024-01-16 13:28:06'),
(29, 407, '1992-08-07', 'P5835768A', '2018-01-31', '2028-01-30', '2024-01-16 13:35:10'),
(30, 134, '1978-04-10', 'P4078742B', '2019-12-19', '2029-12-18', '2024-01-16 13:50:02'),
(31, 306, '1988-07-23', 'P7877373B', '2021-10-15', '2031-10-14', '2024-01-16 13:54:41'),
(32, 448, '1996-03-08', 'P4412581C', '2023-06-14', '2033-06-15', '2024-01-16 14:00:01'),
(33, 477, '1997-07-12', 'P9633176A', '2018-11-21', '2028-11-20', '2024-01-16 14:12:45'),
(34, 270, '1985-12-15', 'P8921847B', '2022-02-11', '2032-02-10', '2024-01-16 14:19:57'),
(35, 450, '1995-04-19', 'P2843211B', '2019-08-23', '2029-08-22', '2024-01-16 14:24:17'),
(36, 471, '1997-09-15', 'P7901138A', '2018-07-11', '2028-07-10', '2024-01-16 14:27:58'),
(37, 475, '1999-04-27', 'P9720734B', '2022-04-22', '2032-04-21', '2024-01-16 14:36:23'),
(38, 305, '1981-02-09', 'P9466317B', '2022-04-01', '2032-03-31', '2024-01-16 14:41:48'),
(39, 333, '1989-06-30', 'P9612175A', '2018-11-19', '2028-11-18', '2024-01-16 14:46:02'),
(40, 447, '1997-10-04', 'P8199503A', '2018-08-03', '2028-08-02', '2024-01-16 14:50:35'),
(41, 330, '1991-04-03', 'P9612016A', '2018-11-19', '2028-11-18', '2024-01-16 14:55:19'),
(42, 482, '1998-12-17', 'P5466073C', '2023-10-10', '2033-10-09', '2024-01-16 14:58:14'),
(43, 357, '1992-11-19', 'P0051660B', '2018-12-28', '2028-12-27', '2024-01-16 15:03:48'),
(44, 358, '1991-03-11', 'P9232728A', '2018-10-19', '2028-10-18', '2024-01-16 15:06:53'),
(45, 30, '1975-12-06', 'P5400405B', '2020-08-12', '2030-08-11', '2024-01-17 10:32:34'),
(46, 387, '1992-11-17', 'P6408020B', '2021-03-02', '2031-03-01', '2024-01-17 10:37:08'),
(47, 335, '1989-07-09', 'P7662140A', '2018-06-25', '2028-06-24', '2024-01-17 10:40:23'),
(48, 478, '1996-09-27', 'P8172179A', '2018-08-01', '2028-07-31', '2024-01-17 10:43:35'),
(49, 417, '1994-10-24', 'P9714583B', '2022-04-22', '2032-04-21', '2024-01-17 10:47:10'),
(50, 413, '1991-01-22', 'P1218834C', '2022-08-08', '2032-08-07', '2024-01-17 10:50:51'),
(51, 262, '1984-01-20', 'P1964813B', '2019-06-15', '2029-06-14', '2024-01-17 10:54:13'),
(52, 371, '1991-01-19', 'P0260586B', '2019-01-16', '2029-01-15', '2024-01-17 11:00:17'),
(53, 427, '1994-01-02', 'P0856626B', '2019-02-28', '2029-02-27', '2024-01-17 12:19:24'),
(54, 381, '1990-06-19', 'P5740509B', '2020-11-06', '2030-11-05', '2024-01-17 12:23:12'),
(55, 489, '1993-07-12', 'P1142972B', '2019-03-21', '2029-03-20', '2024-01-17 12:25:59'),
(56, 377, '1991-08-11', 'P4914572B', '2020-08-22', '2030-08-21', '2024-01-17 12:30:29'),
(57, 388, '1992-04-20', 'p5519955B', '2020-09-17', '2030-09-16', '2024-01-17 12:33:59'),
(58, 396, '1993-01-16', 'P8858955B', '2022-02-07', '2032-02-06', '2024-01-17 12:36:28'),
(59, 470, '1999-05-11', 'P4575005C', '2023-07-01', '2033-06-30', '2024-01-17 12:41:53'),
(60, 295, '1981-03-27', 'P0344080B', '2019-01-22', '2029-01-21', '2024-01-17 12:44:28'),
(61, 421, '1996-01-28', 'P0360112C', '2022-06-03', '2032-06-02', '2024-01-17 12:47:27'),
(62, 469, '1999-08-12', 'P5880436C', '2023-11-07', '2033-11-06', '2024-01-17 12:54:50'),
(63, 222, '1983-12-30', 'P3690878C', '2023-03-25', '2033-03-24', '2024-01-17 12:59:49'),
(64, 468, '1998-08-08', 'P6397622B', '2021-03-01', '2031-02-28', '2024-01-17 13:05:15'),
(65, 223, '1982-08-21', 'P5771844A', '2018-01-26', '2028-01-25', '2024-01-17 13:15:15'),
(66, 310, '1984-12-18', 'P9560010B', '2022-04-08', '2032-04-07', '2024-01-17 13:19:33'),
(67, 209, '1982-09-28', 'P0277617B', '2019-01-17', '2029-01-16', '2024-01-17 13:24:30'),
(68, 259, '1987-05-04', 'P1966845B', '2019-06-15', '2029-06-14', '2024-01-17 13:26:43'),
(69, 240, '1983-08-25', 'P0615906C', '2022-06-21', '2032-06-20', '2024-01-17 13:49:17'),
(70, 215, '1979-12-12', 'P0049630C', '2022-05-13', '2032-05-12', '2024-01-17 13:51:26'),
(71, 406, '1993-07-22', 'P0543659B', '2019-02-04', '2029-02-03', '2024-01-17 13:54:52'),
(72, 281, '1986-12-08', 'P3989870B', '2019-11-27', '2029-11-26', '2024-01-17 14:07:22'),
(73, 25, '1971-10-21', 'P5370143B', '2020-07-29', '2030-07-28', '2024-01-17 14:10:02'),
(74, 291, '1988-02-26', 'P9311879B', '2022-03-23', '2032-03-22', '2024-01-17 14:17:28'),
(75, 486, '1994-11-16', 'P2555025C', '2022-12-02', '2032-12-01', '2024-01-17 14:24:14'),
(76, 344, '1992-01-24', 'P9487246A', '2018-11-10', '2028-11-09', '2024-01-17 14:28:31'),
(77, 261, '1984-09-15', 'P6302142B', '2021-02-15', '2031-02-14', '2024-01-17 14:33:47'),
(78, 290, '1988-06-27', 'P8626886B', '2022-01-04', '2032-01-03', '2024-01-17 14:39:59'),
(79, 350, '1990-03-22', 'P6267677A', '2018-03-03', '2028-03-02', '2024-01-17 14:46:28'),
(80, 345, '1990-06-29', 'P5377591B', '2020-08-04', '2030-08-03', '2024-01-17 14:49:56'),
(81, 264, '1986-06-21', 'P5377597B', '2020-08-04', '2030-08-03', '2024-01-17 15:08:51'),
(82, 373, '1993-04-22', 'P5377583B', '2020-08-04', '2030-08-03', '2024-01-17 15:25:01'),
(83, 414, '1994-08-05', 'P9977873B', '2022-05-07', '2032-05-06', '2024-01-18 07:48:17'),
(84, 404, '1991-08-17', 'P0218971B', '2019-01-12', '2029-01-11', '2024-01-18 07:52:27'),
(85, 435, '1995-02-03', 'P7660503C', '2024-08-07', '2034-08-06', '2024-01-18 07:57:02'),
(86, 420, '1994-10-20', 'P9335619B', '2022-03-25', '2032-03-24', '2024-01-18 08:08:33'),
(87, 40, '1976-01-24', 'P5401261B', '2020-08-12', '2030-08-11', '2024-01-18 08:13:32'),
(88, 437, '1993-10-27', 'P0210751C', '2022-05-24', '2032-05-23', '2024-01-18 08:17:39'),
(89, 221, '1984-10-14', 'P8995836A', '2018-10-03', '2028-10-02', '2024-01-18 08:21:25'),
(90, 423, '1995-01-15', 'P7171120A', '2018-05-15', '2028-05-14', '2024-01-18 08:32:12'),
(91, 459, '1997-12-11', 'P1397707C', '2022-08-22', '2032-08-21', '2024-01-18 08:38:34'),
(92, 390, '1991-02-10', 'P6825752B', '2021-05-18', '2031-05-17', '2024-01-18 08:50:08'),
(93, 411, '1991-10-13', 'P6381797B', '2021-02-25', '2031-02-24', '2024-01-18 08:53:58'),
(94, 401, '1993-05-06', 'P5938038B', '2020-12-14', '2030-12-13', '2024-01-18 08:58:36'),
(95, 432, '1993-12-24', 'P6190458A', '2018-02-27', '2028-02-26', '2024-01-18 09:28:46'),
(96, 455, '1996-06-01', 'P8393570A', '2018-08-17', '2028-08-16', '2024-01-18 09:31:13'),
(97, 334, '1987-08-26', 'P9732881B', '2022-04-23', '2032-04-22', '2024-01-18 09:36:32'),
(98, 429, '1994-09-10', 'P8418566A', '2018-08-18', '2028-08-17', '2024-01-18 09:40:19'),
(99, 434, '1993-09-12', 'P8495204A', '2018-08-25', '2028-08-24', '2024-01-18 09:45:09'),
(100, 463, '1999-11-14', 'P8082296B', '2021-11-04', '2031-11-03', '2024-01-18 09:49:46'),
(101, 412, '1992-10-01', 'P5887107B', '2020-12-02', '2030-12-01', '2024-01-18 10:02:25'),
(102, 428, '1993-10-05', 'P6006768B', '2020-12-22', '2030-12-21', '2024-01-18 10:24:00'),
(103, 436, '1994-03-15', 'P7190251A', '2018-05-16', '2028-05-15', '2024-01-18 10:28:18'),
(104, 8, '1960-07-03', 'P6241898A', '2018-03-01', '2028-02-29', '2024-01-18 10:34:48'),
(105, 328, '1989-04-11', 'P0353296C', '2022-06-02', '2032-06-01', '2024-01-18 12:10:11'),
(106, 10, '1965-12-20', 'P2333766B', '2019-06-26', '2029-06-25', '2024-01-18 13:22:17'),
(107, 467, '1999-04-01', 'P8305920B', '2021-11-26', '2031-11-25', '2024-01-18 13:28:43'),
(108, 454, '1994-06-01', 'P6052776B', '2021-01-07', '2031-01-06', '2024-01-18 13:33:05'),
(109, 438, '1994-09-19', 'P8930429A', '2018-09-28', '2028-09-27', '2024-01-18 13:43:16'),
(110, 238, '1973-09-11', 'P9708714A', '2018-11-26', '2028-11-25', '2024-01-18 13:46:11'),
(111, 323, '1990-01-29', 'P5697014A', '2018-01-20', '2028-01-19', '2024-01-18 13:56:25'),
(112, 299, '1988-08-12', 'P6546520B', '2021-03-24', '2031-03-23', '2024-01-18 14:00:40'),
(113, 37, '1969-10-31', 'P4740997B', '2020-02-08', '2030-02-07', '2024-01-18 14:17:23'),
(114, 329, '1988-11-01', 'P9503842A', '2018-11-12', '2028-11-11', '2024-01-18 14:20:12'),
(115, 402, '1992-09-17', 'P2381214B', '2019-06-29', '2029-06-28', '2024-01-18 14:35:12'),
(116, 311, '1986-10-28', 'P8344836A', '2018-08-14', '2028-08-13', '2024-01-18 14:38:10'),
(117, 426, '1992-04-14', 'P0696297B', '2019-02-16', '2029-02-15', '2024-01-18 14:40:19'),
(118, 416, '1992-11-20', 'P9684909B', '2022-04-20', '2032-04-19', '2024-01-18 14:48:54'),
(119, 260, '1984-07-11', 'P3732352B', '2019-11-05', '2029-11-04', '2024-01-18 14:52:23'),
(120, 389, '1992-03-16', 'P0811747B', '2019-02-24', '2029-02-23', '2024-01-18 14:55:44'),
(121, 279, '1984-02-27', 'P0823314B', '2019-03-05', '2029-03-03', '2024-01-18 15:08:03'),
(122, 386, '1990-07-26', 'P7002651B', '2021-06-17', '2031-06-16', '2024-01-18 15:11:30'),
(123, 55, '1976-04-09', 'P7001303B', '2021-06-17', '2031-06-16', '2024-01-19 07:18:32'),
(124, 230, '1983-04-16', 'P0085815C', '2022-05-15', '2032-05-14', '2024-01-23 13:13:53'),
(125, 263, '1984-06-19', 'P2489389B', '2019-07-09', '2029-07-08', '2024-01-23 13:17:47'),
(126, 424, '1994-09-09', 'P5723755A', '2018-01-23', '2028-01-22', '2024-01-23 13:20:10'),
(127, 433, '1995-09-04', 'P0133869B', '2019-01-07', '2029-01-06', '2024-01-23 13:41:18'),
(128, 410, '1994-07-11', 'P1475115C', '2022-08-27', '2032-08-26', '2024-01-26 08:39:51'),
(129, 480, '1998-12-29', 'P6080504C', '2023-12-04', '2033-12-03', '2024-01-26 08:41:49'),
(130, 284, '1987-10-18', 'P0519633C', '2022-06-14', '2032-06-13', '2024-01-29 13:04:58'),
(131, 107, '1974-11-06', 'P7001249B', '2021-06-17', '2031-06-16', '2024-01-29 13:16:29'),
(132, 449, '1996-05-11', 'P1057923C', '2022-07-26', '2032-07-25', '2024-01-29 13:22:02'),
(133, 385, '1990-09-18', 'P4618481B', '2020-01-30', '2030-01-29', '2024-01-29 13:27:49'),
(134, 117, '1976-11-28', 'P4531145B', '2020-01-24', '2030-01-23', '2024-01-29 15:07:22'),
(135, 61, '1974-09-18', 'P5800393A', '2018-01-28', '2028-01-27', '2024-01-30 08:51:31'),
(136, 445, '1992-09-04', 'P9185190A', '2018-10-17', '2028-10-16', '2024-01-30 08:59:36'),
(137, 452, '1997-10-28', 'P3904015B', '2019-11-20', '2029-11-19', '2024-01-30 09:31:16'),
(138, 18, '1972-10-16', 'P2360339B', '2019-06-27', '2029-06-26', '2024-01-30 09:44:19'),
(139, 104, '1967-03-24', 'P5986355B', '2020-12-19', '2030-12-18', '2024-01-30 10:35:39'),
(140, 121, '1977-11-20', 'P8718830A', '2018-09-12', '2028-09-11', '2024-02-06 10:27:04'),
(141, 384, '1993-06-14', 'P6476372B', '2021-03-12', '2031-03-11', '2024-02-06 10:31:42'),
(142, 505, '1998-05-09', 'P6539631B', '2021-03-23', '2031-03-22', '2024-02-06 10:37:04'),
(143, 472, '1993-07-14', 'P6217320A', '2018-02-28', '2028-02-27', '2024-02-06 10:39:28'),
(144, 506, '1998-06-18', 'P7901050A', '2018-07-12', '2028-07-11', '2024-02-06 13:14:52'),
(145, 504, '2000-07-15', 'P4025456C', '2023-05-03', '2033-05-02', '2024-02-06 13:18:49'),
(146, 499, '2000-08-03', 'P3764730C', '2023-03-31', '2033-03-30', '2024-02-06 13:21:27'),
(147, 484, '1997-08-31', 'P3626392C', '2023-03-20', '2033-03-19', '2024-02-06 13:24:45'),
(148, 158, '1965-11-25', 'P1076673C', '2022-07-27', '2032-07-26', '2024-02-06 13:29:14'),
(149, 503, '1999-10-03', 'P7317177B', '2021-08-02', '2031-08-01', '2024-02-07 13:31:01'),
(150, 507, '1999-12-18', 'P2396459B', '2019-07-02', '2029-07-01', '2024-02-12 12:36:05'),
(151, 508, '2000-07-24', 'P4477131C', '2023-06-21', '2033-06-20', '2024-02-12 12:40:38'),
(152, 501, '1999-10-03', 'P3842578C', '2023-04-13', '2033-04-12', '2024-02-12 12:44:40'),
(153, 446, '1965-11-25', 'TS2636157', '2019-02-02', '2029-02-02', '2024-02-14 12:08:45'),
(154, 212, '1984-10-20', 'p6286989C', '2024-01-19', '2034-01-18', '2024-02-14 12:22:37'),
(155, 283, '1986-10-22', 'P1131735C', '2022-07-30', '2032-07-29', '2024-03-06 08:52:13'),
(156, 20003, '1986-01-02', 'P6705418A', '2018-04-06', '2028-04-05', '2024-04-22 12:22:42'),
(157, 493, '1998-03-12', 'P8232274A', '2018-08-06', '2028-08-05', '2024-06-27 13:14:50'),
(158, 487, '1999-01-13', 'P0549947C', '2022-06-16', '2032-06-15', '2024-09-25 14:58:28'),
(159, 515, '1990-03-14', 'P7556840A', '2018-06-16', '2028-06-15', '2024-09-26 07:03:30'),
(160, 510, '1998-11-23', 'P8045987C', '2024-09-24', '2034-09-23', '2024-10-01 10:29:46'),
(161, 483, '1998-12-05', 'P4573962C', '2023-06-30', '2033-06-29', '2024-10-03 12:15:09'),
(162, 516, '1995-10-20', 'P7932234A', '2018-07-13', '2028-07-12', '2024-10-15 08:48:21'),
(163, 473, '1998-07-28', 'P7787171B', '2021-10-07', '2031-10-06', '2024-10-15 09:57:20'),
(164, 479, '1998-12-03', 'P8082276B', '2021-11-04', '2031-11-03', '2024-10-15 14:47:02'),
(165, 481, '1998-10-05', 'P0181372B', '2019-01-10', '2029-01-09', '2024-10-15 14:49:39'),
(166, 494, '1998-12-04', 'P0408748B', '2019-01-25', '2029-01-24', '2024-11-04 10:43:04'),
(167, 491, '1998-12-15', 'P7430716C', '2024-07-01', '2034-06-30', '2024-11-04 10:48:33'),
(168, 492, '1996-06-04', 'P5888572C', '2023-11-08', '2033-11-07', '2024-11-04 10:51:13'),
(169, 439, '1997-09-13', 'P9700592A', '2018-11-26', '2028-11-25', '2025-02-18 15:57:10'),
(170, 370, '1992-04-14', 'P8502888B', '2021-12-18', '2031-12-17', '2025-02-19 06:55:44'),
(171, 440, '1997-07-20', 'P9249589A', '2018-10-21', '2028-10-20', '2025-02-19 07:05:24'),
(172, 498, '1984-08-07', 'P5718676A', '2018-01-23', '2028-01-22', '2025-02-19 07:30:47'),
(173, 545, '1992-08-16', 'TT3387971', '2023-04-20', '2033-04-20', '2025-02-19 07:38:34'),
(174, 495, '1998-06-11', 'P8830374C', '2025-01-20', '2035-01-19', '2025-02-28 13:59:50'),
(175, 496, '1999-01-25', 'P2729966C', '2022-12-21', '2032-12-20', '2025-02-28 14:02:38'),
(176, 490, '1997-11-18', 'P7224241C', '2024-05-30', '2034-05-29', '2025-02-28 14:04:43'),
(177, 509, '1999-11-19', 'P7915845C', '2024-09-06', '2034-09-05', '2025-06-02 09:27:05'),
(178, 502, '2000-03-12', 'P8354686C', '2024-11-08', '2034-11-07', '2025-06-02 10:16:27'),
(179, 523, '1999-04-27', 'P8724615C', '2025-01-06', '2035-01-06', '2025-06-20 14:32:14'),
(180, 531, '1983-07-10', 'P5412246B', '2020-08-17', '2030-08-16', '2025-06-20 14:36:44');

-- --------------------------------------------------------

--
-- Table structure for table `requesters_dep`
--

CREATE TABLE `requesters_dep` (
  `id` int(11) NOT NULL,
  `department_name` varchar(255) NOT NULL,
  `comp_id` int(11) DEFAULT 1
) ENGINE=InnoDB DEFAULT CHARSET=utf8mb4 COLLATE=utf8mb4_general_ci;

--
-- Dumping data for table `requesters_dep`
--

INSERT INTO `requesters_dep` (`id`, `department_name`, `comp_id`) VALUES
(1, 'Boiler Plant Department', 1),
(2, 'Plant Solution Dept.', 1),
(3, 'Hydrogen Supply Chain Dept.', 1),
(4, 'Civil & Architectural Eng. Dept.', 1),
(5, 'Hydrogen Technology Department', 1),
(6, 'Elec & Control Dept. of Plant Eng.', 1),
(7, 'Environmental Plant Dept.', 1),
(9, 'Materials Handling Dept.', 1),
(10, 'Power and Propulsion Department', 1),
(11, 'Piping Engineering Dept.', 1),
(12, 'Control Department of Plant Eng.', 1),
(13, 'Engineering Department', 2),
(14, 'Business Process Re-Eng Office', 1),
(15, 'Production Engineering Section', 1);

-- --------------------------------------------------------

--
-- Table structure for table `request_list`
--

CREATE TABLE `request_list` (
  `request_id` int(11) NOT NULL,
  `requester_id` int(11) NOT NULL,
  `emp_number` int(11) NOT NULL,
  `location_id` int(11) NOT NULL,
  `specific_loc` varchar(100) NOT NULL,
  `dispatch_from` date NOT NULL,
  `dispatch_to` date NOT NULL,
  `invitation_id` int(11) NOT NULL,
  `work_order` varchar(10) NOT NULL,
  `project_name` varchar(100) NOT NULL,
  `site_dispatch` tinyint(1) NOT NULL DEFAULT 0,
  `dept_id` int(11) NOT NULL,
  `work_content` varchar(100) NOT NULL,
  `req_name` varchar(50) NOT NULL,
  `req_tel` varchar(50) NOT NULL,
  `req_fax` varchar(50) NOT NULL,
  `gap_name` varchar(50) NOT NULL,
  `gap_tel` varchar(50) NOT NULL,
  `cdcp_name` varchar(50) NOT NULL,
  `cdcp_tel` varchar(50) NOT NULL,
  `dept_in_charge` varchar(100) NOT NULL,
  `dic_name` varchar(100) NOT NULL,
  `dic_tel` varchar(50) NOT NULL,
  `date_requested` datetime NOT NULL DEFAULT current_timestamp(),
  `request_status` tinyint(4) DEFAULT NULL,
  `date_modified` datetime DEFAULT NULL
) ENGINE=InnoDB DEFAULT CHARSET=utf8mb4 COLLATE=utf8mb4_general_ci;

--
-- Dumping data for table `request_list`
--

INSERT INTO `request_list` (`request_id`, `requester_id`, `emp_number`, `location_id`, `specific_loc`, `dispatch_from`, `dispatch_to`, `invitation_id`, `work_order`, `project_name`, `site_dispatch`, `dept_id`, `work_content`, `req_name`, `req_tel`, `req_fax`, `gap_name`, `gap_tel`, `cdcp_name`, `cdcp_tel`, `dept_in_charge`, `dic_name`, `dic_tel`, `date_requested`, `request_status`, `date_modified`) VALUES
(1, 145048, 401, 1, 'Kobe factory', '2025-01-06', '2025-03-28', 3, '6311054/63', 'Kenou-kennan/Takarazuka/Kurume/Sanda/Estimation', 0, 7, '国内向け廃棄物焼却設備の設計図面作成', 'Jun Toshihiro', '+81-(0)78-682-5084', '+81-(0)78-682-5433', 'Mr. T. Kurosumi', '(81-78-682-5202/Ext. 7-20-81101)', 'Mr. H. Kanari', '(81-78-682-5072/Ext. 7-30-33217)', '企画本部　人事総務部　人事総務一課', '貞方 由羽（サダカタ ユウ）', '078-682-5202', '2024-10-07 16:07:46', 0, '2024-10-08 08:29:09'),
(2, 145048, 420, 1, 'Kobe factory', '2025-01-06', '2025-03-28', 3, '6311054/63', 'Kenou-kennan/Takarazuka/Kurume/Sanda/Estimation', 0, 7, '国内向け廃棄物焼却設備の設計図面作成', 'Jun Toshihiro', '+81-(0)78-682-5084', '+81-(0)78-682-5433', 'Mr. T. Kurosumi', '(81-78-682-5202/Ext. 7-20-81101)', 'Mr. H. Kanari', '(81-78-682-5072/Ext. 7-30-33217)', '企画本部　人事総務部　人事総務一課', '貞方 由羽（サダカタ ユウ）', '078-682-5202', '2024-10-07 16:10:46', 0, '2024-10-08 08:29:02'),
(3, 145048, 435, 1, 'Kobe factory', '2025-01-06', '2025-03-28', 3, '6311054/63', 'Kenou-kennan/Takarazuka/Kurume/Sanda/Estimation', 0, 7, '国内向け廃棄物焼却設備の設計図面作成', 'Jun Toshihiro', '+81-(0)78-682-5084', '+81-(0)78-682-5433', 'Mr. T. Kurosumi', '(81-78-682-5202/Ext. 7-20-81101)', 'Mr. H. Kanari', '(81-78-682-5072/Ext. 7-30-33217)', '企画本部　人事総務部　人事総務一課', '貞方 由羽（サダカタ ユウ）', '078-682-5202', '2024-10-07 16:26:05', 0, '2024-10-08 08:28:54'),
(4, 145048, 455, 1, 'Kobe factory', '2025-01-06', '2025-03-28', 3, '6311054/63', 'Kenou-kennan/Takarazuka/Kurume/Sanda/Estimation', 0, 7, '国内向け廃棄物焼却設備の設計図面作成', 'Jun Toshihiro', '+81-(0)78-682-5084', '+81-(0)78-682-5433', 'Mr. T. Kurosumi', '(81-78-682-5202/Ext. 7-20-81101)', 'Mr. H. Kanari', '(81-78-682-5072/Ext. 7-30-33217)', '企画本部　人事総務部　人事総務一課', '貞方 由羽（サダカタ ユウ）', '078-682-5202', '2024-10-07 16:44:30', 0, '2024-10-08 08:01:37'),
(5, 145048, 462, 1, 'Kobe factory', '2025-01-06', '2025-03-28', 3, '6311054/63', 'Kenou-kennan/Takarazuka/Kurume/Sanda/Estimation', 0, 7, '国内向け廃棄物焼却設備の設計図面作成', 'Jun Toshihiro', '+81-(0)78-682-5084', '+81-(0)78-682-5433', 'Mr. T. Kurosumi', '(81-78-682-5202/Ext. 7-20-81101)', 'Mr. H. Kanari', '(81-78-682-5072/Ext. 7-30-33217)', '企画本部　人事総務部　人事総務一課', '貞方 由羽（サダカタ ユウ）', '078-682-5202', '2024-10-07 16:46:25', 0, '2024-10-08 08:01:27'),
(6, 155502, 486, 1, 'Kobe', '2025-01-06', '2025-03-28', 3, '51A1PR3-P4', 'Commercialization of Hydrogen Supply Chain Project', 0, 3, '新規プラント建設案件の設計図面、図書作成の作業補助', 'Hitoshi Sunouchi', '+81-(0)78-682-5380', '+81-(0)78-682-5535', 'Mr. T. Kurosumi', '(81-78-682-5202/Ext. 7-20-81101)', 'Mr. H. Kanari', '(81-78-682-5072/Ext. 7-30-33217)', '企画本部　人事総務部　人事総務一課', '貞方 由羽（サダカタ ユウ）', '078-682-5202', '2024-10-08 07:54:17', 1, '2024-10-08 08:29:49'),
(7, 155502, 515, 1, 'Kobe', '2025-01-06', '2025-03-28', 3, '51A1PR3-P4', 'Commercialization of Hydrogen Supply Chain Project', 0, 3, '新規プラント建設案件の設計図面、図書作成の作業補助', 'Hitoshi Sunouchi', '+81-(0)78-682-5380', '+81-(0)78-682-5535', 'Mr. T. Kurosumi', '(81-78-682-5202/Ext. 7-20-81101)', 'Mr. H. Kanari', '(81-78-682-5072/Ext. 7-30-33217)', '企画本部　人事総務部　人事総務一課', '貞方 由羽（サダカタ ユウ）', '078-682-5202', '2024-10-08 07:55:30', 1, '2024-10-08 08:29:44'),
(8, 155502, 504, 1, 'Kobe', '2025-01-06', '2025-03-28', 3, '51A1PR3-P4', 'Commercialization of Hydrogen Supply Chain Project', 0, 3, '新規プラント建設案件の設計図面、図書作成の作業補助', 'Hitoshi Sunouchi', '+81-(0)78-682-5380', '+81-(0)78-682-5535', 'Mr. T. Kurosumi', '(81-78-682-5202/Ext. 7-20-81101)', 'Mr. H. Kanari', '(81-78-682-5072/Ext. 7-30-33217)', '企画本部　人事総務部　人事総務一課', '貞方 由羽（サダカタ ユウ）', '078-682-5202', '2024-10-08 07:56:41', 1, '2024-10-08 08:29:37'),
(11, 155011, 222, 1, 'Kobe', '2025-01-06', '2025-03-28', 3, '-', 'Mill & Kiln project', 0, 2, 'プラント構成機器の3Dモデル作成、計画図・製作図作成', 'Takahiro Aoki', '+81-(0)80-4153-7433', '+81-(0)78-682-5539', 'Mr. T. Kurosumi', '(81-78-682-5202/Ext. 7-20-81101)', 'Mr. H. Kanari', '(81-78-682-5072/Ext. 7-30-33217)', '企画本部　人事総務部　人事総務一課', '貞方 由羽（サダカタ ユウ）', '078-682-5202', '2024-10-15 07:56:54', 1, '2024-10-15 08:43:44'),
(12, 145048, 401, 1, 'Kobe factory ', '2025-01-06', '2025-03-28', 3, '6311054/63', 'Kenou-kennan/Takarazuka/Kurume/Sanda/Estimation', 0, 7, '国内向け廃棄物焼却設備の設計図面作成', 'Jun Toshihiro', '+81-(0)78-682-5084', '+81-(0)78-682-5433', 'Mr. T. Kurosumi', '(81-78-682-5202/Ext. 7-20-81101)', 'Mr. H. Kanari', '(81-78-682-5072/Ext. 7-30-33217)', '企画本部　人事総務部　人事総務一課', '貞方 由羽（サダカタ ユウ）', '078-682-5202', '2024-10-15 08:10:18', 1, '2024-10-15 08:42:53'),
(13, 145048, 420, 1, 'Kobe factory ', '2025-01-06', '2025-03-28', 3, '6311054/63', 'Kenou-kennan/Takarazuka/Kurume/Sanda/Estimation', 0, 7, '国内向け廃棄物焼却設備の設計図面作成', 'Jun Toshihiro', '+81-(0)78-682-5084', '+81-(0)78-682-5433', 'Mr. T. Kurosumi', '(81-78-682-5202/Ext. 7-20-81101)', 'Mr. H. Kanari', '(81-78-682-5072/Ext. 7-30-33217)', '企画本部　人事総務部　人事総務一課', '貞方 由羽（サダカタ ユウ）', '078-682-5202', '2024-10-15 08:14:15', 1, '2024-10-15 08:43:00'),
(14, 145048, 516, 1, 'Kobe factory ', '2025-01-06', '2025-03-28', 3, '6311054/63', 'Kenou-kennan/Takarazuka/Kurume/Sanda/Estimation', 0, 7, '国内向け廃棄物焼却設備の設計図面作成', 'Jun Toshihiro', '+81-(0)78-682-5084', '+81-(0)78-682-5433', 'Mr. T. Kurosumi', '(81-78-682-5202/Ext. 7-20-81101)', 'Mr. H. Kanari', '(81-78-682-5072/Ext. 7-30-33217)', '企画本部　人事総務部　人事総務一課', '貞方 由羽（サダカタ ユウ）', '078-682-5202', '2024-10-15 08:18:47', 1, '2024-10-15 08:43:06'),
(15, 145048, 435, 1, 'Kobe factory ', '2025-01-06', '2025-03-28', 3, '6311054/63', 'Kenou-kennan/Takarazuka/Kurume/Sanda/Estimation', 0, 7, '国内向け廃棄物焼却設備の設計図面作成', 'Jun Toshihiro', '+81-(0)78-682-5084', '+81-(0)78-682-5433', 'Mr. T. Kurosumi', '(81-78-682-5202/Ext. 7-20-81101)', 'Mr. H. Kanari', '(81-78-682-5072/Ext. 7-30-33217)', '企画本部　人事総務部　人事総務一課', '貞方 由羽（サダカタ ユウ）', '078-682-5202', '2024-10-15 08:20:49', 1, '2024-10-15 08:43:10'),
(16, 145048, 455, 1, 'Kobe factory ', '2025-01-06', '2025-03-28', 3, '6311054/63', 'Kenou-kennan/Takarazuka/Kurume/Sanda/Estimation', 0, 7, '国内向け廃棄物焼却設備の設計図面作成', 'Jun Toshihiro', '+81-(0)78-682-5084', '+81-(0)78-682-5433', 'Mr. T. Kurosumi', '(81-78-682-5202/Ext. 7-20-81101)', 'Mr. H. Kanari', '(81-78-682-5072/Ext. 7-30-33217)', '企画本部　人事総務部　人事総務一課', '貞方 由羽（サダカタ ユウ）', '078-682-5202', '2024-10-15 08:22:07', 1, '2024-10-15 08:43:16'),
(17, 145048, 462, 1, 'Kobe factory ', '2025-01-06', '2025-03-28', 3, '6311054/63', 'Kenou-kennan/Takarazuka/Kurume/Sanda/Estimation', 0, 7, '国内向け廃棄物焼却設備の設計図面作成', 'Jun Toshihiro', '+81-(0)78-682-5084', '+81-(0)78-682-5433', 'Mr. T. Kurosumi', '(81-78-682-5202/Ext. 7-20-81101)', 'Mr. H. Kanari', '(81-78-682-5072/Ext. 7-30-33217)', '企画本部　人事総務部　人事総務一課', '貞方 由羽（サダカタ ユウ）', '078-682-5202', '2024-10-15 08:23:35', 1, '2024-10-15 08:43:20'),
(18, 145048, 479, 1, 'Kobe factory ', '2025-01-06', '2025-03-28', 3, '6311054/63', 'Kenou-kennan/Takarazuka/Kurume/Sanda/Estimation', 0, 7, '国内向け廃棄物焼却設備の設計図面作成', 'Jun Toshihiro', '+81-(0)78-682-5084', '+81-(0)78-682-5433', 'Mr. T. Kurosumi', '(81-78-682-5202/Ext. 7-20-81101)', 'Mr. H. Kanari', '(81-78-682-5072/Ext. 7-30-33217)', '企画本部　人事総務部　人事総務一課', '貞方 由羽（サダカタ ユウ）', '078-682-5202', '2024-10-15 08:25:44', 1, '2024-10-15 08:43:27'),
(19, 155011, 507, 1, 'Kobe', '2025-01-06', '2025-03-28', 3, '-', 'Mill & Kiln project', 0, 2, 'プラント構成機器の3Dモデル作成、計画図・製作図作成', 'Takahiro Aoki', '+81-(0)80-4153-7433', '+81-(0)78-682-5539', 'Mr. T. Kurosumi', '(81-78-682-5202/Ext. 7-20-81101)', 'Mr. H. Kanari', '(81-78-682-5072/Ext. 7-30-33217)', '企画本部　人事総務部　人事総務一課', '貞方 由羽（サダカタ ユウ）', '078-682-5202', '2024-10-15 08:27:49', 1, '2024-10-15 08:43:52'),
(20, 145048, 473, 1, 'Kobe factory ', '2025-01-06', '2025-03-28', 3, '6311054/63', 'Kenou-kennan/Takarazuka/Kurume/Sanda/Estimation', 0, 7, '国内向け廃棄物焼却設備の設計図面作成', 'Jun Toshihiro', '+81-(0)78-682-5084', '+81-(0)78-682-5433', 'Mr. T. Kurosumi', '(81-78-682-5202/Ext. 7-20-81101)', 'Mr. H. Kanari', '(81-78-682-5072/Ext. 7-30-33217)', '企画本部　人事総務部　人事総務一課', '貞方 由羽（サダカタ ユウ）', '078-682-5202', '2024-10-15 08:29:24', 1, '2024-10-15 08:43:33'),
(21, 75006, 284, 1, 'Kobe', '2025-01-06', '2025-03-28', 3, '61W2283-89', 'STANDARDIZATION KOBE', 0, 6, '各種プラントの電気計装設計', 'S. Oka', '+81-(0)78-682-5252', '+81-(0)78-682-5542', 'Mr. T. Kurosumi', '(81-78-682-5202/Ext. 7-20-81101)', 'Mr. H. Kanari', '(81-78-682-5072/Ext. 7-30-33217)', '企画本部　人事総務部　人事総務一課', '貞方 由羽（サダカタ ユウ）', '078-682-5202', '2024-10-15 10:53:47', 1, '2024-10-15 10:55:57'),
(22, 75006, 302, 1, 'Kobe', '2025-01-06', '2025-03-28', 3, '61W2283-89', 'STANDARDIZATION KOBE', 0, 6, '各種プラントの電気計装設計', 'S. Oka', '+81-(0)78-682-5252', '+81-(0)78-682-5542', 'Mr. T. Kurosumi', '(81-78-682-5202/Ext. 7-20-81101)', 'Mr. H. Kanari', '(81-78-682-5072/Ext. 7-30-33217)', '企画本部　人事総務部　人事総務一課', '貞方 由羽（サダカタ ユウ）', '078-682-5202', '2024-10-16 08:49:27', 1, '2024-10-16 08:59:55'),
(23, 75006, 313, 1, 'Kobe', '2025-01-06', '2025-03-28', 3, '61W2283-89', 'STANDARDIZATION KOBE', 0, 6, '各種プラントの電気計装設計', 'S. Oka', '+81-(0)78-682-5252', '+81-(0)78-682-5542', 'Mr. T. Kurosumi', '(81-78-682-5202/Ext. 7-20-81101)', 'Mr. H. Kanari', '(81-78-682-5072/Ext. 7-30-33217)', '企画本部　人事総務部　人事総務一課', '貞方 由羽（サダカタ ユウ）', '078-682-5202', '2024-10-16 08:51:41', 1, '2024-10-16 08:59:48'),
(24, 75006, 322, 1, 'Kobe', '2025-01-06', '2026-12-18', 3, '61W2283-89', 'STANDARDIZATION KOBE', 0, 6, '各種プラントの電気計装設計', 'S. Oka', '+81-(0)78-682-5252', '+81-(0)78-682-5542', 'Mr. T. Kurosumi', '(81-78-682-5202/Ext. 7-20-81101)', 'Mr. H. Kanari', '(81-78-682-5072/Ext. 7-30-33217)', '企画本部　人事総務部　人事総務一課', '貞方 由羽（サダカタ ユウ）', '078-682-5202', '2024-10-16 08:54:17', 1, '2024-10-16 08:59:38'),
(25, 75006, 226, 1, 'Kobe', '2025-01-06', '2026-12-18', 3, '61W2283-89', 'STANDARDIZATION KOBE', 0, 6, '各種プラントの電気計装設計', 'S. Oka', '+81-(0)78-682-5252', '+81-(0)78-682-5542', 'Mr. T. Kurosumi', '(81-78-682-5202/Ext. 7-20-81101)', 'Mr. H. Kanari', '(81-78-682-5072/Ext. 7-30-33217)', '企画本部　人事総務部　人事総務一課', '貞方 由羽（サダカタ ユウ）', '078-682-5202', '2024-10-16 08:56:25', 1, '2024-10-16 08:59:25'),
(26, 75006, 283, 1, 'Kobe', '2025-01-06', '2026-12-18', 3, '61W2283-89', 'STANDARDIZATION KOBE', 0, 6, '各種プラントの電気計装設計', 'S. Oka', '+81-(0)78-682-5252', '+81-(0)78-682-5542', 'Mr. T. Kurosumi', '(81-78-682-5202/Ext. 7-20-81101)', 'Mr. H. Kanari', '(81-78-682-5072/Ext. 7-30-33217)', '企画本部　人事総務部　人事総務一課', '貞方 由羽（サダカタ ユウ）', '078-682-5202', '2024-10-16 08:58:52', 1, '2024-10-16 08:59:16'),
(27, 75006, 321, 1, 'Kobe', '2025-01-06', '2026-12-18', 3, '61W2283-89', 'STANDARDIZATION KOBE', 0, 6, '各種プラントの電気計装設計', 'S. Oka', '+81-(0)78-682-5252', '+81-(0)78-682-5542', 'Mr. T. Kurosumi', '(81-78-682-5202/Ext. 7-20-81101)', 'Mr. H. Kanari', '(81-78-682-5072/Ext. 7-30-33217)', '企画本部　人事総務部　人事総務一課', '貞方 由羽（サダカタ ユウ）', '078-682-5202', '2024-10-16 09:03:48', 1, '2024-10-16 10:20:24'),
(28, 75006, 372, 1, 'Kobe', '2025-01-06', '2026-12-18', 3, '61W2283-89', 'STANDARDIZATION KOBE', 0, 6, '各種プラントの電気計装設計', 'S. Oka', '+81-(0)78-682-5252', '+81-(0)78-682-5542', 'Mr. T. Kurosumi', '(81-78-682-5202/Ext. 7-20-81101)', 'Mr. H. Kanari', '(81-78-682-5072/Ext. 7-30-33217)', '企画本部　人事総務部　人事総務一課', '貞方 由羽（サダカタ ユウ）', '078-682-5202', '2024-10-16 10:11:59', 1, '2024-10-16 10:20:20'),
(29, 75006, 356, 1, 'Kobe', '2025-01-06', '2026-12-18', 3, '61W2283-89', 'STANDARDIZATION KOBE', 0, 6, '各種プラントの電気計装設計', 'S. Oka', '+81-(0)78-682-5252', '+81-(0)78-682-5542', 'Mr. T. Kurosumi', '(81-78-682-5202/Ext. 7-20-81101)', 'Mr. H. Kanari', '(81-78-682-5072/Ext. 7-30-33217)', '企画本部　人事総務部　人事総務一課', '貞方 由羽（サダカタ ユウ）', '078-682-5202', '2024-10-16 10:14:39', 1, '2024-10-16 10:20:16'),
(30, 125064, 323, 1, 'Kobe', '2025-01-06', '2025-03-28', 3, '63F2453', 'Kurume', 0, 1, 'ごみ焼きボイラプロジェクトに関する設計支援（図面チェックなど）', 'S. Tabata', '+81-(0)78-682-5039', '+81-(0)78-682-5041', 'Mr. T. Kurosumi', '(81-78-682-5202/Ext. 7-20-81101)', 'Mr. H. Kanari', '(81-78-682-5072/Ext. 7-30-33217)', '企画本部　人事総務部　人事総務一課', '貞方 由羽（サダカタ ユウ）', '078-682-5202', '2024-10-16 10:55:29', 1, '2024-10-18 08:51:05'),
(31, 125064, 329, 1, 'Kobe', '2025-01-06', '2025-03-28', 3, '63F2452', 'Sanda', 0, 1, 'ごみ焼きボイラプロジェクトに関する設計支援（図面チェックなど）', 'S. Tabata', '+81-(0)78-682-5039', '+81-(0)78-682-5041', 'Mr. T. Kurosumi', '(81-78-682-5202/Ext. 7-20-81101)', 'Mr. H. Kanari', '(81-78-682-5072/Ext. 7-30-33217)', '企画本部　人事総務部　人事総務一課', '貞方 由羽（サダカタ ユウ）', '078-682-5202', '2024-10-16 10:58:23', 1, '2024-10-18 08:50:58'),
(32, 145047, 37, 1, 'Kobe', '2025-01-06', '2025-03-28', 3, '63F2453', 'Kurume', 0, 1, 'ごみ焼きボイラプロジェクトに関する設計支援（図面チェック等）', 'S. Tabata', '+81-(0)78-682-5039', '+81-(0)78-682-5041', 'Mr. T. Kurosumi', '(81-78-682-5202/Ext. 7-20-81101)', 'Mr. H. Kanari', '(81-78-682-5072/Ext. 7-30-33217)', '企画本部　人事総務部　人事総務一課', '貞方 由羽（サダカタ ユウ）', '078-682-5202', '2024-10-18 08:48:56', 0, '2024-10-18 08:59:00'),
(33, 185024, 345, 1, 'Kobe', '2025-01-06', '2025-04-04', 3, '61H3G35', 'LNG Tank 3D drawing', 0, 5, 'LNGタンク図面作成', 'Takashi Tsujimoto', '+81-(0)78-682-5561', '+81-(0)78-682-5431', 'Mr. T. Kurosumi', '(81-78-682-5202/Ext. 7-20-81101)', 'Mr. H. Kanari', '(81-78-682-5072/Ext. 7-30-33217)', '企画本部　人事総務部　人事総務一課', '貞方 由羽（サダカタ ユウ）', '078-682-5202', '2024-10-18 09:36:17', 0, '2024-10-18 12:39:04'),
(34, 185024, 499, 1, 'Kobe', '2025-01-06', '2025-04-04', 3, '61R2980', 'LNG Tank 2D drawing', 0, 5, 'LNGタンク図面作成', 'Takashi Tsujimoto', '+81-(0)78-682-5561', '+81-(0)78-682-5431', 'Mr. T. Kurosumi', '(81-78-682-5202/Ext. 7-20-81101)', 'Mr. H. Kanari', '(81-78-682-5072/Ext. 7-30-33217)', '企画本部　人事総務部　人事総務一課', '貞方 由羽（サダカタ ユウ）', '078-682-5202', '2024-10-18 09:44:54', 0, '2024-10-18 12:39:00'),
(35, 185024, 345, 1, 'Kobe', '2025-01-06', '2025-03-28', 3, '61H3G35', 'LNG Tank 3D drawing', 0, 5, 'LNGタンク図面作成', 'Takashi Tsujimoto', '+81-(0)78-682-5561', '+81-(0)78-682-5431', 'Mr. T. Kurosumi', '(81-78-682-5202/Ext. 7-20-81101)', 'Mr. H. Kanari', '(81-78-682-5072/Ext. 7-30-33217)', '企画本部　人事総務部　人事総務一課', '貞方 由羽（サダカタ ユウ）', '078-682-5202', '2024-10-18 13:04:11', 1, '2024-10-18 13:09:14'),
(36, 185024, 499, 1, 'Kobe', '2025-01-06', '2025-03-28', 3, '61R2980', 'LNG Tank 2D drawing', 0, 5, 'LNGタンク図面作成', 'Takashi Tsujimoto', '+81-(0)78-682-5561', '+81-(0)78-682-5431', 'Mr. T. Kurosumi', '(81-78-682-5202/Ext. 7-20-81101)', 'Mr. H. Kanari', '(81-78-682-5072/Ext. 7-30-33217)', '企画本部　人事総務部　人事総務一課', '貞方 由羽（サダカタ ユウ）', '078-682-5202', '2024-10-18 13:07:49', 1, '2024-10-18 13:09:10'),
(37, 95017, 306, 1, 'Kobe', '2025-01-27', '2025-04-25', 3, '6123049-P5', 'Daigas Energy', 0, 11, '発電プラントの配管設計', 'Hirofumi Kuroda', '+81-(0)78-682-5233', '+81-(0)78-682-5244', 'Mr. T. Kurosumi', '(81-78-682-5202/Ext. 7-20-81101)', 'Mr. H. Kanari', '(81-78-682-5072/Ext. 7-30-33217)', '企画本部　人事総務部　人事総務一課', '貞方 由羽（サダカタ ユウ）', '078-682-5202', '2024-10-24 17:13:08', 1, '2024-10-28 08:12:03'),
(38, 95017, 471, 1, 'kobe', '2025-01-27', '2025-04-25', 3, '6123049-P5', 'Daigas Energy', 0, 11, '発電プラントの配管設計', 'Hirofumi Kuroda', '+81-(0)78-682-5233', '+81-(0)78-682-5244', 'Mr. T. Kurosumi', '(81-78-682-5202/Ext. 7-20-81101)', 'Mr. H. Kanari', '(81-78-682-5072/Ext. 7-30-33217)', '企画本部　人事総務部　人事総務一課', '貞方 由羽（サダカタ ユウ）', '078-682-5202', '2024-10-24 17:16:16', 1, '2024-10-28 08:12:11'),
(39, 95017, 508, 1, 'Kobe', '2025-01-27', '2025-04-25', 1, '6123049-P5', 'Daigas Energy', 0, 11, '発電プラントの配管設計', 'Hirofumi Kuroda', '+81-(0)78-682-5233', '+81-(0)78-682-5244', 'Mr. T. Kurosumi', '(81-78-682-5202/Ext. 7-20-81101)', 'Mr. H. Kanari', '(81-78-682-5072/Ext. 7-30-33217)', '企画本部　人事総務部　人事総務一課', '貞方 由羽（サダカタ ユウ）', '078-682-5202', '2024-10-24 17:20:15', 1, '2024-10-28 08:12:15'),
(40, 75011, 383, 1, 'Kobe', '2025-01-27', '2025-04-25', 1, '51A1FD4', 'Liquefied Hydrogen Project (JP)', 0, 4, '鉄骨架台の設計', 'Kenichi Iikawa', '+81-(0)786825217', '+81-(0)', 'Mr. T. Kurosumi', '(81-78-682-5202/Ext. 7-20-81101)', 'Mr. H. Kanari', '(81-78-682-5072/Ext. 7-30-33217)', '企画本部　人事総務部　人事総務一課', '貞方 由羽（サダカタ ユウ）', '078-682-5202', '2024-10-28 10:28:42', 1, '2024-10-28 10:29:50'),
(41, 75011, 444, 1, 'Kobe', '2025-01-27', '2025-04-25', 1, '51A1FD4', 'Liquefied Hydrogen Project (JP)', 0, 4, '鉄骨架台の設計', 'Kenichi Iikawa', '+81-(0)786825217', '+81-(0)', 'Mr. T. Kurosumi', '(81-78-682-5202/Ext. 7-20-81101)', 'Mr. H. Kanari', '(81-78-682-5072/Ext. 7-30-33217)', '企画本部　人事総務部　人事総務一課', '貞方 由羽（サダカタ ユウ）', '078-682-5202', '2024-10-28 10:33:30', 1, '2024-10-28 10:34:56'),
(42, 75011, 485, 1, 'Kobe', '2025-01-27', '2025-04-25', 1, '6104337', 'GTG2', 0, 4, '見積案件の補佐', 'Kenichi Iikawa', '+81-(0)786825217', '+81-(0)', 'Mr. T. Kurosumi', '(81-78-682-5202/Ext. 7-20-81101)', 'Mr. H. Kanari', '(81-78-682-5072/Ext. 7-30-33217)', '企画本部　人事総務部　人事総務一課', '貞方 由羽（サダカタ ユウ）', '078-682-5202', '2024-10-28 10:38:56', 1, '2024-11-04 08:04:14'),
(43, 155012, 377, 1, 'Kobe', '2025-01-27', '2025-04-25', 3, '61W2202', 'Estimation job / Training', 0, 9, '国内製鉄所向け搬送機械の2D,3D図面作成', 'Jun Kohnoki', '+81-(0)78-682-5266', '+81-(0)78-682-5585', 'Mr. T. Kurosumi', '(81-78-682-5202/Ext. 7-20-81101)', 'Mr. H. Kanari', '(81-78-682-5072/Ext. 7-30-33217)', '企画本部　人事総務部　人事総務一課', '貞方 由羽（サダカタ ユウ）', '078-682-5202', '2024-11-01 16:10:46', 1, '2024-11-04 08:04:19'),
(44, 155012, 413, 1, 'Kobe', '2025-01-27', '2025-04-25', 3, '61W2202', 'Estimation job / Training', 0, 9, '国内製鉄所向け搬送機械の2D,3D図面作成', 'Jun Kohnoki', '+81-(0)78-682-5266', '+81-(0)78-682-5585', 'Mr. T. Kurosumi', '(81-78-682-5202/Ext. 7-20-81101)', 'Mr. H. Kanari', '(81-78-682-5072/Ext. 7-30-33217)', '企画本部　人事総務部　人事総務一課', '貞方 由羽（サダカタ ユウ）', '078-682-5202', '2024-11-01 16:12:36', 1, '2024-11-04 08:04:27'),
(45, 155012, 433, 1, 'Kobe', '2025-01-27', '2025-04-25', 3, '61W2202', 'Estimation job / Training', 0, 9, '国内製鉄所向け搬送機械の2D,3D図面作成', 'Jun Kohnoki', '+81-(0)78-682-5266', '+81-(0)78-682-5585', 'Mr. T. Kurosumi', '(81-78-682-5202/Ext. 7-20-81101)', 'Mr. H. Kanari', '(81-78-682-5072/Ext. 7-30-33217)', '企画本部　人事総務部　人事総務一課', '貞方 由羽（サダカタ ユウ）', '078-682-5202', '2024-11-01 16:13:59', 1, '2024-11-04 08:04:32'),
(46, 155012, 491, 1, 'Kobe', '2025-01-27', '2025-04-25', 3, '61W2202', 'Estimation job / Training', 0, 9, '国内製鉄所向け搬送機械の2D,3D図面作成', 'Jun Kohnoki', '+81-(0)78-682-5266', '+81-(0)78-682-5585', 'Mr. T. Kurosumi', '(81-78-682-5202/Ext. 7-20-81101)', 'Mr. H. Kanari', '(81-78-682-5072/Ext. 7-30-33217)', '企画本部　人事総務部　人事総務一課', '貞方 由羽（サダカタ ユウ）', '078-682-5202', '2024-11-01 16:17:14', 1, '2024-11-04 08:04:36'),
(47, 155012, 492, 1, 'Kobe', '2025-01-27', '2025-04-25', 3, '61W2202', 'Estimation job / Training', 0, 9, '国内製鉄所向け搬送機械の2D,3D図面作成', 'Jun Kohnoki', '+81-(0)78-682-5266', '+81-(0)78-682-5585', 'Mr. T. Kurosumi', '(81-78-682-5202/Ext. 7-20-81101)', 'Mr. H. Kanari', '(81-78-682-5072/Ext. 7-30-33217)', '企画本部　人事総務部　人事総務一課', '貞方 由羽（サダカタ ユウ）', '078-682-5202', '2024-11-01 16:20:16', 1, '2024-11-04 08:04:39'),
(48, 155012, 494, 1, 'Kobe', '2025-01-27', '2025-04-25', 3, '61W2202', 'Estimation job / Training', 0, 9, '国内製鉄所向け搬送機械の2D,3D図面作成', 'Jun Kohnoki', '+81-(0)78-682-5266', '+81-(0)78-682-5585', 'Mr. T. Kurosumi', '(81-78-682-5202/Ext. 7-20-81101)', 'Mr. H. Kanari', '(81-78-682-5072/Ext. 7-30-33217)', '企画本部　人事総務部　人事総務一課', '貞方 由羽（サダカタ ユウ）', '078-682-5202', '2024-11-01 16:25:28', 1, '2024-11-04 08:04:43'),
(49, 216806, 260, 1, 'Yachiyo city, Chiba Prefecture', '2025-01-06', '2025-04-04', 3, 'E18100029', 'Each Plant estimate and order work', 0, 13, 'プラントの見積案件および製作案件業務', 'H. Kurita', '+81-(0)47-483-5811', '+81-(0)47-483-3733', 'Mr. T. Kurosumi', '(81-78-682-5202/Ext. 7-20-81101)', 'Mr. H. Kanari', '(81-78-682-5072/Ext. 7-30-33217)', '企画本部　人事総務部　人事総務一課', '貞方 由羽（サダカタ ユウ）', '078-682-5202', '2024-11-27 17:33:28', 1, '2024-11-28 08:55:13'),
(50, 155502, 291, 1, 'Kobe', '2025-03-31', '2025-06-20', 3, '51A1PR3-P4', 'Commercialization of Hydrogen Supply Chain Project,', 0, 3, 'SPPID work (H2 supply chain PJ, GTG-2)\nEstimation work for H2 supply chain PJ, GTG-2 PJ, and other P', 'Hitoshi Sunouchi', '+81-(0)78-682-5380', '+81-(0)78-682-5535', 'Mr. T. Kurosumi', '(81-78-682-5202/Ext. 7-20-81101)', 'Mr. H. Kanari', '(81-78-682-5072/Ext. 7-30-33217)', '企画本部　人事総務部　人事総務一課', '貞方 由羽（サダカタ ユウ）', '078-682-5202', '2025-01-16 09:24:09', 1, '2025-01-16 10:18:21'),
(51, 155502, 344, 1, 'Kobe', '2025-03-31', '2025-06-20', 3, '51A1PR3-P4', 'Commercialization of Hydrogen Supply Chain Project', 0, 3, 'SPPID work (H2 supply chain PJ, GTG-2)\nEstimation work for H2 supply chain PJ, GTG-2 PJ, and other P', 'Hitoshi Sunouchi', '+81-(0)78-682-5380', '+81-(0)78-682-5535', 'Mr. T. Kurosumi', '(81-78-682-5202/Ext. 7-20-81101)', 'Mr. H. Kanari', '(81-78-682-5072/Ext. 7-30-33217)', '企画本部　人事総務部　人事総務一課', '貞方 由羽（サダカタ ユウ）', '078-682-5202', '2025-01-16 09:25:25', 1, '2025-01-16 10:18:38'),
(52, 155502, 506, 1, 'Kobe', '2025-03-31', '2025-06-20', 3, '51A1PR3-P4', 'Commercialization of Hydrogen Supply Chain Project', 0, 3, 'SPPID work (H2 supply chain PJ, GTG-2)\nEstimation work for H2 supply chain PJ, GTG-2 PJ, and other P', 'Hitoshi Sunouchi', '+81-(0)78-682-5380', '+81-(0)78-682-5535', 'Mr. T. Kurosumi', '(81-78-682-5202/Ext. 7-20-81101)', 'Mr. H. Kanari', '(81-78-682-5072/Ext. 7-30-33217)', '企画本部　人事総務部　人事総務一課', '貞方 由羽（サダカタ ユウ）', '078-682-5202', '2025-01-16 09:26:42', 1, '2025-01-16 10:18:46'),
(53, 155011, 209, 1, 'Kobe', '2025-03-31', '2025-06-20', 3, '-', 'Mill & Kiln project', 0, 2, 'プラント構成機器の3Dモデル作成、計画図・製作図作成', 'Takahiro Aoki', '+81-(0)80-4153-7433', '+81-(0)78-682-5539', 'Mr. T. Kurosumi', '(81-78-682-5202/Ext. 7-20-81101)', 'Mr. H. Kanari', '(81-78-682-5072/Ext. 7-30-33217)', '企画本部　人事総務部　人事総務一課', '貞方 由羽（サダカタ ユウ）', '078-682-5202', '2025-01-21 12:52:50', 1, '2025-01-22 13:56:27'),
(54, 155011, 505, 1, 'Kobe', '2025-03-31', '2025-06-20', 3, '-', 'Mill & Kiln project', 0, 2, 'プラント構成機器の3Dモデル作成、計画図・製作図作成', 'Takahiro Aoki', '+81-(0)80-4153-7433', '+81-(0)78-682-5539', 'Mr. T. Kurosumi', '(81-78-682-5202/Ext. 7-20-81101)', 'Mr. H. Kanari', '(81-78-682-5072/Ext. 7-30-33217)', '企画本部　人事総務部　人事総務一課', '貞方 由羽（サダカタ ユウ）', '078-682-5202', '2025-01-21 13:01:08', 1, '2025-01-22 13:56:19'),
(55, 145047, 426, 1, 'Kobe', '2025-03-31', '2025-06-20', 3, '61F2452', 'Sanda PJ', 0, 1, 'ごみ焼きボイラプロジェクトに関する設計支援（図面チェックなど）', 'S. Tabata', '+81-(0)78-682-5039', '+81-(0)78-682-5041', 'Mr. T. Kurosumi', '(81-78-682-5202/Ext. 7-20-81101)', 'Mr. H. Kanari', '(81-78-682-5072/Ext. 7-30-33217)', '企画本部　人事総務部　人事総務一課', '貞方 由羽（サダカタ ユウ）', '078-682-5202', '2025-01-21 18:03:24', 1, '2025-01-22 10:33:20'),
(56, 145047, 503, 1, 'Kobe', '2025-03-31', '2025-06-20', 3, '61F2453', 'Kurume PJ', 0, 1, 'ごみ焼きボイラプロジェクトに関する設計支援（図面チェックなど）', 'S. Tabata', '+81-(0)78-682-5039', '+81-(0)78-682-5041', 'Mr. T. Kurosumi', '(81-78-682-5202/Ext. 7-20-81101)', 'Mr. H. Kanari', '(81-78-682-5072/Ext. 7-30-33217)', '企画本部　人事総務部　人事総務一課', '貞方 由羽（サダカタ ユウ）', '078-682-5202', '2025-01-21 18:06:01', 1, '2025-01-22 10:33:16'),
(57, 95017, 450, 1, 'Kobe', '2025-03-31', '2025-06-20', 3, '6311059-P5', 'Sanda Project', 0, 11, 'ごみ焼却プラントの配管設計業務', 'Hirofumi Kuroda', '+81-(0)78-682-5233', '+81-(0)78-682-5244', 'Mr. T. Kurosumi', '(81-78-682-5202/Ext. 7-20-81101)', 'Mr. H. Kanari', '(81-78-682-5072/Ext. 7-30-33217)', '企画本部　人事総務部　人事総務一課', '貞方 由羽（サダカタ ユウ）', '078-682-5202', '2025-01-22 10:31:38', 1, '2025-01-22 10:33:09'),
(58, 95017, 447, 1, 'Kobe', '2025-03-31', '2025-06-20', 3, '6311059-P5', 'Sanda Project', 0, 11, 'ごみ焼却プラントの配管設計業務', 'Hirofumi Kuroda', '+81-(0)78-682-5233', '+81-(0)78-682-5244', 'Mr. T. Kurosumi', '(81-78-682-5202/Ext. 7-20-81101)', 'Mr. H. Kanari', '(81-78-682-5072/Ext. 7-30-33217)', '企画本部　人事総務部　人事総務一課', '貞方 由羽（サダカタ ユウ）', '078-682-5202', '2025-01-22 10:36:13', 1, '2025-01-22 10:37:09'),
(59, 145048, 352, 1, 'Kobe factory', '2025-03-31', '2025-06-20', 3, '6311053/63', 'Kirishima/Kenou-kennan/Takarazuka/Kurume/Sanda/Estimation ', 0, 7, '国内向け廃棄物焼却設備の設計図面作成', 'Jun Toshihiro', '+81-(0)78-682-5084', '+81-(0)78-682-5433', 'Mr. T. Kurosumi', '(81-78-682-5202/Ext. 7-20-81101)', 'Mr. H. Kanari', '(81-78-682-5072/Ext. 7-30-33217)', '企画本部　人事総務部　人事総務一課', '貞方 由羽（サダカタ ユウ）', '078-682-5202', '2025-01-24 10:31:31', 1, '2025-01-24 10:32:24'),
(60, 145048, 404, 1, 'Kobe factory', '2025-03-31', '2025-06-20', 3, '6311053/63', 'Kirishima/Kenou-kennan/Takarazuka/Kurume/Sanda/Estimation ', 0, 7, '国内向け廃棄物焼却設備の設計図面作成', 'Jun Toshihiro', '+81-(0)78-682-5084', '+81-(0)78-682-5433', 'Mr. T. Kurosumi', '(81-78-682-5202/Ext. 7-20-81101)', 'Mr. H. Kanari', '(81-78-682-5072/Ext. 7-30-33217)', '企画本部　人事総務部　人事総務一課', '貞方 由羽（サダカタ ユウ）', '078-682-5202', '2025-01-24 10:34:40', 1, '2025-01-24 10:36:25'),
(61, 145048, 414, 1, 'Kobe factory', '2025-03-31', '2025-06-20', 3, '6311053/63', 'Kirishima/Kenou-kennan/Takarazuka/Kurume/Sanda/Estimation ', 0, 7, '国内向け廃棄物焼却設備の設計図面作成', 'Jun Toshihiro', '+81-(0)78-682-5084', '+81-(0)78-682-5433', 'Mr. T. Kurosumi', '(81-78-682-5202/Ext. 7-20-81101)', 'Mr. H. Kanari', '(81-78-682-5072/Ext. 7-30-33217)', '企画本部　人事総務部　人事総務一課', '貞方 由羽（サダカタ ユウ）', '078-682-5202', '2025-01-24 10:36:56', 1, '2025-01-24 10:41:44'),
(62, 145048, 423, 1, 'Kobe factory', '2025-03-31', '2025-06-20', 3, '6311053/63', 'Kirishima/Kenou-kennan/Takarazuka/Kurume/Sanda/Estimation ', 0, 7, '国内向け廃棄物焼却設備の設計図面作成', 'Jun Toshihiro', '+81-(0)78-682-5084', '+81-(0)78-682-5433', 'Mr. T. Kurosumi', '(81-78-682-5202/Ext. 7-20-81101)', 'Mr. H. Kanari', '(81-78-682-5072/Ext. 7-30-33217)', '企画本部　人事総務部　人事総務一課', '貞方 由羽（サダカタ ユウ）', '078-682-5202', '2025-01-24 10:38:43', 1, '2025-01-24 10:41:40'),
(63, 145048, 432, 1, 'Kobe factory', '2025-03-31', '2025-06-20', 3, '6311053/63', 'Kirishima/Kenou-kennan/Takarazuka/Kurume/Sanda/Estimation ', 0, 7, '国内向け廃棄物焼却設備の設計図面作成', 'Jun Toshihiro', '+81-(0)78-682-5084', '+81-(0)78-682-5433', 'Mr. T. Kurosumi', '(81-78-682-5202/Ext. 7-20-81101)', 'Mr. H. Kanari', '(81-78-682-5072/Ext. 7-30-33217)', '企画本部　人事総務部　人事総務一課', '貞方 由羽（サダカタ ユウ）', '078-682-5202', '2025-01-24 10:40:08', 1, '2025-01-24 10:41:35'),
(64, 145048, 438, 1, 'Kobe factory', '2025-03-31', '2025-06-20', 3, '6311053/63', 'Kirishima/Kenou-kennan/Takarazuka/Kurume/Sanda/Estimation ', 0, 7, '国内向け廃棄物焼却設備の設計図面作成', 'Jun Toshihiro', '+81-(0)78-682-5084', '+81-(0)78-682-5433', 'Mr. T. Kurosumi', '(81-78-682-5202/Ext. 7-20-81101)', 'Mr. H. Kanari', '(81-78-682-5072/Ext. 7-30-33217)', '企画本部　人事総務部　人事総務一課', '貞方 由羽（サダカタ ユウ）', '078-682-5202', '2025-01-24 10:42:45', 1, '2025-01-24 10:43:12'),
(65, 145048, 461, 1, 'Kobe factory', '2025-03-31', '2025-06-20', 3, '6311053/63', 'Kirishima/Kenou-kennan/Takarazuka/Kurume/Sanda/Estimation ', 0, 7, '国内向け廃棄物焼却設備の設計図面作成', 'Jun Toshihiro', '+81-(0)78-682-5084', '+81-(0)78-682-5433', 'Mr. T. Kurosumi', '(81-78-682-5202/Ext. 7-20-81101)', 'Mr. H. Kanari', '(81-78-682-5072/Ext. 7-30-33217)', '企画本部　人事総務部　人事総務一課', '貞方 由羽（サダカタ ユウ）', '078-682-5202', '2025-01-24 10:44:29', 1, '2025-01-24 10:46:07'),
(66, 145048, 463, 1, 'Kobe factory', '2025-03-31', '2025-06-20', 3, '6311053/63', 'Kirishima/Kenou-kennan/Takarazuka/Kurume/Sanda/Estimation ', 0, 7, '国内向け廃棄物焼却設備の設計図面作成', 'Jun Toshihiro', '+81-(0)78-682-5084', '+81-(0)78-682-5433', 'Mr. T. Kurosumi', '(81-78-682-5202/Ext. 7-20-81101)', 'Mr. H. Kanari', '(81-78-682-5072/Ext. 7-30-33217)', '企画本部　人事総務部　人事総務一課', '貞方 由羽（サダカタ ユウ）', '078-682-5202', '2025-01-24 10:46:12', 1, '2025-01-24 10:46:59'),
(67, 95017, 357, 1, 'Kobe', '2025-03-31', '2025-06-20', 3, '51A1A11-P5', 'Hydrogen Supply Chain Project', 0, 11, '液化水素プラントの配管設計業務', 'Hirofumi Kuroda', '+81-(0)78-682-5233', '+81-(0)78-682-5244', 'Mr. T. Kurosumi', '(81-78-682-5202/Ext. 7-20-81101)', 'Mr. H. Kanari', '(81-78-682-5072/Ext. 7-30-33217)', '企画本部　人事総務部　人事総務一課', '貞方 由羽（サダカタ ユウ）', '078-682-5202', '2025-01-24 13:42:59', 1, '2025-01-24 13:48:52'),
(68, 95017, 477, 1, 'Kobe', '2025-03-31', '2025-06-20', 3, '51A1A11-P5', 'Hydrogen Supply Chain Project', 0, 11, '液化水素プラントの配管設計業務', 'Hirofumi Kuroda', '+81-(0)78-682-5233', '+81-(0)78-682-5244', 'Mr. T. Kurosumi', '(81-78-682-5202/Ext. 7-20-81101)', 'Mr. H. Kanari', '(81-78-682-5072/Ext. 7-30-33217)', '企画本部　人事総務部　人事総務一課', '貞方 由羽（サダカタ ユウ）', '078-682-5202', '2025-01-24 13:45:00', 1, '2025-01-24 13:48:46'),
(69, 95017, 270, 1, 'Kobe', '2025-03-31', '2025-06-20', 3, '51A1F11-P5', 'Hydrogen Supply Chain Project', 0, 11, '液化水素プラントの配管設計業務', 'Hirofumi Kuroda', '+81-(0)78-682-5233', '+81-(0)78-682-5244', 'Mr. T. Kurosumi', '(81-78-682-5202/Ext. 7-20-81101)', 'Mr. H. Kanari', '(81-78-682-5072/Ext. 7-30-33217)', '企画本部　人事総務部　人事総務一課', '貞方 由羽（サダカタ ユウ）', '078-682-5202', '2025-01-24 13:48:11', 1, '2025-01-24 13:48:41'),
(70, 75006, 284, 1, 'Kobe', '2025-05-12', '2025-08-08', 3, '61W2283-89', 'STANDARDIZATION KOBE', 0, 6, '各種プラントの電気計装設計', 'S. Oka', '+81-(0)78-682-5252', '+81-(0)78-682-5542', 'Mr. T. Kurosumi', '(81-78-682-5202/Ext. 7-20-81101)', 'Mr. H. Kanari', '(81-78-682-5072/Ext. 7-30-33217)', '企画本部　人事総務部　人事総務一課', '貞方 由羽（サダカタ ユウ）', '078-682-5202', '2025-02-05 15:59:03', 1, '2025-02-05 16:31:11'),
(71, 75006, 313, 1, 'Kobe', '2025-05-12', '2025-08-08', 3, '61W2283-89', 'STANDARDIZATION KOBE', 0, 6, '各種プラントの電気計装設計', 'S. Oka', '+81-(0)78-682-5252', '+81-(0)78-682-5542', 'Mr. T. Kurosumi', '(81-78-682-5202/Ext. 7-20-81101)', 'Mr. H. Kanari', '(81-78-682-5072/Ext. 7-30-33217)', '企画本部　人事総務部　人事総務一課', '貞方 由羽（サダカタ ユウ）', '078-682-5202', '2025-02-05 16:01:26', 1, '2025-02-05 16:31:16'),
(72, 75006, 346, 1, 'Kobe', '2025-05-12', '2025-08-08', 3, '61W2283-89', 'STANDARDIZATION KOBE', 0, 6, '各種プラントの電気計装設計', 'S. Oka', '+81-(0)78-682-5252', '+81-(0)78-682-5542', 'Mr. T. Kurosumi', '(81-78-682-5202/Ext. 7-20-81101)', 'Mr. H. Kanari', '(81-78-682-5072/Ext. 7-30-33217)', '企画本部　人事総務部　人事総務一課', '貞方 由羽（サダカタ ユウ）', '078-682-5202', '2025-02-05 16:05:05', 1, '2025-02-05 16:31:19'),
(73, 75006, 439, 1, 'Kobe', '2025-05-12', '2025-08-08', 3, '61W2283-89', 'Business Efficiency Improvement Utilizing DX', 0, 6, 'DXを活用した業務効率改善', 'S. Fujita', '+81-(0)78-682-5252', '+81-(0)78-682-5542', 'Mr. T. Kurosumi', '(81-78-682-5202/Ext. 7-20-81101)', 'Mr. H. Kanari', '(81-78-682-5072/Ext. 7-30-33217)', '企画本部　人事総務部　人事総務一課', '貞方 由羽（サダカタ ユウ）', '078-682-5202', '2025-02-18 15:49:46', 0, '2025-02-19 11:58:12'),
(74, 75006, 439, 1, 'Kobe', '2025-05-12', '2025-06-12', 3, '61W2283-89', 'Business Efficiency Improvement Utilizing DX', 0, 6, 'DXを活用した業務効率改善', 'S. Fujita', '+81-(0)78-682-5252', '+81-(0)78-682-5542', 'Mr. T. Kurosumi', '(81-78-682-5202/Ext. 7-20-81101)', 'Mr. H. Kanari', '(81-78-682-5072/Ext. 7-30-33217)', '企画本部　人事総務部　人事総務一課', '貞方 由羽（サダカタ ユウ）', '078-682-5202', '2025-02-21 08:32:18', 1, '2025-02-21 08:33:59'),
(75, 216806, 416, 1, 'Yachiyo', '2025-03-31', '2025-06-27', 3, 'E18100029,', 'Each plant estimate and order work', 0, 13, 'Each plant estimate and order work', 'H. Kurita', '+81-(0)47-483-5811', '+81-(0)47-483-3733', 'Mr. T. Kurosumi', '(81-78-682-5202/Ext. 7-20-81101)', 'Mr. H. Kanari', '(81-78-682-5072/Ext. 7-30-33217)', '企画本部　人事総務部　人事総務一課', '貞方 由羽（サダカタ ユウ）', '078-682-5202', '2025-02-26 15:04:50', 1, '2025-02-27 16:22:21'),
(76, 205039, 387, 1, 'Kobe', '2025-05-12', '2025-08-08', 3, '61W2202', 'Estimation job / Training', 0, 9, '搬送製品の図面、3Dモデル作成', 'Jun Kohnoki', '+81-(0)78-682-5266', '+81-(0)78-682-5585', 'Mr. T. Kurosumi', '(81-78-682-5202/Ext. 7-20-81101)', 'Mr. H. Kanari', '(81-78-682-5072/Ext. 7-30-33217)', '企画本部　人事総務部　人事総務一課', '貞方 由羽（サダカタ ユウ）', '078-682-5202', '2025-02-27 15:43:54', 1, '2025-02-27 16:22:16'),
(77, 205039, 396, 1, 'Kobe', '2025-05-12', '2025-08-08', 3, '61W2202', 'Estimation job / Training', 0, 9, '国内向け搬送製品の図面、3Dモデル作成', 'Jun Kohnoki', '+81-(0)78-682-5266', '+81-(0)78-682-5585', 'Mr. T. Kurosumi', '(81-78-682-5202/Ext. 7-20-81101)', 'Mr. H. Kanari', '(81-78-682-5072/Ext. 7-30-33217)', '企画本部　人事総務部　人事総務一課', '貞方 由羽（サダカタ ユウ）', '078-682-5202', '2025-02-27 15:49:21', 1, '2025-02-27 16:22:11'),
(78, 205039, 470, 1, 'Kobe', '2025-05-12', '2025-08-08', 3, '61W2202', 'Estimation job / Training', 0, 9, '国内向け搬送製品の図面、3Dモデル作成', 'Jun Kohnoki', '+81-(0)78-682-5266', '+81-(0)78-682-5585', 'Mr. T. Kurosumi', '(81-78-682-5202/Ext. 7-20-81101)', 'Mr. H. Kanari', '(81-78-682-5072/Ext. 7-30-33217)', '企画本部　人事総務部　人事総務一課', '貞方 由羽（サダカタ ユウ）', '078-682-5202', '2025-02-27 15:51:56', 1, '2025-02-27 16:22:06'),
(79, 205039, 490, 1, 'Kobe', '2025-05-12', '2025-08-08', 3, '61W2202', 'Estimation job / Training', 0, 9, '国内向け搬送製品の図面、3Dモデル作成', 'Jun Kohnoki', '+81-(0)78-682-5266', '+81-(0)78-682-5585', 'Mr. T. Kurosumi', '(81-78-682-5202/Ext. 7-20-81101)', 'Mr. H. Kanari', '(81-78-682-5072/Ext. 7-30-33217)', '企画本部　人事総務部　人事総務一課', '貞方 由羽（サダカタ ユウ）', '078-682-5202', '2025-02-27 15:58:30', 1, '2025-02-27 16:22:02'),
(80, 205039, 496, 1, 'Kobe', '2025-05-12', '2025-08-08', 3, '61W2202', 'Estimation job / Training', 0, 9, '国内向け搬送製品の図面、3Dモデル作成', 'Jun Kohnoki', '+81-(0)78-682-5266', '+81-(0)78-682-5585', 'Mr. T. Kurosumi', '(81-78-682-5202/Ext. 7-20-81101)', 'Mr. H. Kanari', '(81-78-682-5072/Ext. 7-30-33217)', '企画本部　人事総務部　人事総務一課', '貞方 由羽（サダカタ ユウ）', '078-682-5202', '2025-02-27 16:03:04', 1, '2025-02-27 16:21:58'),
(81, 205039, 495, 1, 'Kobe', '2025-05-12', '2025-08-08', 3, '61W2202', 'Estimation job / Training', 0, 9, '国内向け搬送製品の図面、3Dモデル作成', 'Jun Kohnoki', '+81-(0)78-682-5266', '+81-(0)78-682-5585', 'Mr. T. Kurosumi', '(81-78-682-5202/Ext. 7-20-81101)', 'Mr. H. Kanari', '(81-78-682-5072/Ext. 7-30-33217)', '企画本部　人事総務部　人事総務一課', '貞方 由羽（サダカタ ユウ）', '078-682-5202', '2025-02-27 16:06:01', 1, '2025-02-27 16:21:53'),
(82, 195016, 252, 1, 'Kobe', '2025-05-12', '2025-08-08', 2, '51A1A11', 'Liquefied Hydrogen Project (JP)', 0, 4, '鉄骨架台の設計', 'Kenichi Iikawa', '+81-(0)786825217', '+81-(0)', 'Mr. T. Kurosumi', '(81-78-682-5202/Ext. 7-20-81101)', 'Mr. H. Kanari', '(81-78-682-5072/Ext. 7-30-33217)', '企画本部　人事総務部　人事総務一課', '貞方 由羽（サダカタ ユウ）', '078-682-5202', '2025-02-28 08:51:54', 1, '2025-02-28 08:56:38'),
(83, 165042, 522, 1, 'KOBE', '2025-05-12', '2025-08-08', 3, '51A1A11', 'Liquefied Hydrogen Project (JP)', 0, 4, '鉄骨架台の設計', 'Kenichi Iikawa', '+81-(0)786825217', '+81-(0)', 'Mr. T. Kurosumi', '(81-78-682-5202/Ext. 7-20-81101)', 'Mr. H. Kanari', '(81-78-682-5072/Ext. 7-30-33217)', '企画本部　人事総務部　人事総務一課', '貞方 由羽（サダカタ ユウ）', '078-682-5202', '2025-02-28 13:47:53', 1, '2025-02-28 13:48:37'),
(84, 165042, 523, 1, 'KOBE', '2025-05-12', '2025-08-08', 3, '51A1A11', 'Liquefied Hydrogen Project (JP)', 0, 4, '鉄骨架台の設計', 'Kenichi Iikawa', '+81-(0)', '+81-(0)', 'Mr. T. Kurosumi', '(81-78-682-5202/Ext. 7-20-81101)', 'Mr. H. Kanari', '(81-78-682-5072/Ext. 7-30-33217)', '企画本部　人事総務部　人事総務一課', '貞方 由羽（サダカタ ユウ）', '078-682-5202', '2025-02-28 13:50:03', 1, '2025-02-28 13:50:50'),
(85, 75006, 158, 1, 'Kobe', '2025-03-25', '2025-03-27', 3, '61W2283-89', 'STANDARDIZATION KOBE', 0, 6, '部門方針の設定に関する打合せのため、短期にて招聘します。', 'S. Fujita', '+81-(0)78-682-5252', '+81-(0)78-682-5542', 'Mr. T. Kurosumi', '(81-78-682-5202/Ext. 7-20-81101)', 'Mr. H. Kanari', '(81-78-682-5072/Ext. 7-30-33217)', '企画本部　人事総務部　人事総務一課', '貞方 由羽（サダカタ ユウ）', '078-682-5202', '2025-03-03 08:43:47', 0, '2025-03-07 07:44:04'),
(86, 75006, 158, 1, 'Kobe', '2025-04-14', '2025-04-16', 3, '61W2283-89', 'STANDARDIZATION KOBE', 0, 6, '部門方針に関する打合せのため。', 'S. Fujita', '+81-(0)78-682-5252', '+81-(0)78-682-5542', 'Mr. T. Kurosumi', '(81-78-682-5202/Ext. 7-20-81101)', 'Mr. H. Kanari', '(81-78-682-5072/Ext. 7-30-33217)', '企画本部　人事総務部　人事総務一課', '貞方 由羽（サダカタ ユウ）', '078-682-5202', '2025-03-10 10:41:09', 1, '2025-03-10 10:47:43'),
(87, 155502, 515, 1, 'Kobe', '2025-06-23', '2025-09-19', 3, '51A1PR3-P4', 'Commercialization of Hydrogen Supply Chain Project', 0, 3, 'SPPID work (H2 supply chain PJ, GTG-2) Estimation work for H2 supply chain PJ, GTG-2 PJ, and other P', 'Hitoshi Sunouchi', '+81-(0)78-682-5380', '+81-(0)78-682-5535', 'Mr. T. Kurosumi', '(81-78-682-5202/Ext. 7-20-81101)', 'Mr. H. Kanari', '(81-78-682-5072/Ext. 7-30-33217)', '企画本部　人事総務部　人事総務一課', '貞方 由羽（サダカタ ユウ）', '078-682-5202', '2025-04-09 12:35:26', 1, '2025-04-09 12:42:01'),
(88, 155502, 486, 1, 'Kobe', '2025-06-23', '2025-09-19', 3, '51A1PR3-P4', 'Commercialization of Hydrogen Supply Chain Project', 0, 3, 'SPPID work (H2 supply chain PJ, GTG-2) Estimation work for H2 supply chain PJ, GTG-2 PJ, and other P', 'Hitoshi Sunouchi', '+81-(0)78-682-5380', '+81-(0)78-682-5535', 'Mr. T. Kurosumi', '(81-78-682-5202/Ext. 7-20-81101)', 'Mr. H. Kanari', '(81-78-682-5072/Ext. 7-30-33217)', '企画本部　人事総務部　人事総務一課', '貞方 由羽（サダカタ ユウ）', '078-682-5202', '2025-04-09 12:36:47', 1, '2025-04-09 12:41:56'),
(89, 155502, 504, 1, 'Kobe', '2025-06-23', '2025-09-19', 3, '51A1PR3-P4', 'Commercialization of Hydrogen Supply Chain Project', 0, 3, 'SPPID work (H2 supply chain PJ, GTG-2) Estimation work for H2 supply chain PJ, GTG-2 PJ, and other P', 'Hitoshi Sunouchi', '+81-(0)78-682-5380', '+81-(0)78-682-5535', 'Mr. T. Kurosumi', '(81-78-682-5202/Ext. 7-20-81101)', 'Mr. H. Kanari', '(81-78-682-5072/Ext. 7-30-33217)', '企画本部　人事総務部　人事総務一課', '貞方 由羽（サダカタ ユウ）', '078-682-5202', '2025-04-09 12:37:52', 1, '2025-04-09 12:41:51'),
(90, 155011, 469, 1, 'Kobe', '2025-06-23', '2025-09-19', 3, '-', 'Mill & Kiln project', 0, 2, 'プラント構成機器の3Dモデル作成、計画図・製作図作成', 'Takahiro Aoki', '+81-(0)80-4153-7433', '+81-(0)78-682-5539', 'Mr. T. Kurosumi', '(81-78-682-5202/Ext. 7-20-81101)', 'Mr. H. Kanari', '(81-78-682-5072/Ext. 7-30-33217)', '企画本部　人事総務部　人事総務一課', '貞方 由羽（サダカタ ユウ）', '078-682-5202', '2025-04-09 15:30:14', 1, '2025-04-10 09:51:50'),
(91, 155011, 472, 1, 'Kobe', '2025-06-23', '2025-09-19', 3, '-', 'Mill & Kiln project', 0, 2, 'プラント構成機器の3Dモデル作成、計画図・製作図作成', 'Takahiro Aoki', '+81-(0)80-4153-7433', '+81-(0)78-682-5539', 'Mr. T. Kurosumi', '(81-78-682-5202/Ext. 7-20-81101)', 'Mr. H. Kanari', '(81-78-682-5072/Ext. 7-30-33217)', '企画本部　人事総務部　人事総務一課', '貞方 由羽（サダカタ ユウ）', '078-682-5202', '2025-04-09 15:31:35', 1, '2025-04-10 09:51:55'),
(92, 145047, 311, 1, 'Kobe', '2025-06-23', '2025-09-19', 3, '6122020', 'Tainan KCFB Project', 0, 1, '台南向けKCFBプロジェクトに関する設計支援（図面チェック等）', 'S. Tabata', '+81-(0)78-682-5039', '+81-(0)78-682-5041', 'Mr. T. Kurosumi', '(81-78-682-5202/Ext. 7-20-81101)', 'Mr. H. Kanari', '(81-78-682-5072/Ext. 7-30-33217)', '企画本部　人事総務部　人事総務一課', '貞方 由羽（サダカタ ユウ）', '078-682-5202', '2025-04-10 09:11:23', 1, '2025-04-10 09:51:59'),
(93, 145047, 467, 1, 'Kobe', '2025-06-23', '2025-09-19', 3, '6122020', 'Tainan KCFB Project', 0, 1, '台南向けKCFBプロジェクトに関する設計支援（図面チェック等）', 'S. Tabata', '+81-(0)78-682-5039', '+81-(0)78-682-5041', 'Mr. T. Kurosumi', '(81-78-682-5202/Ext. 7-20-81101)', 'Mr. H. Kanari', '(81-78-682-5072/Ext. 7-30-33217)', '企画本部　人事総務部　人事総務一課', '貞方 由羽（サダカタ ユウ）', '078-682-5202', '2025-04-10 09:12:49', 1, '2025-04-10 09:52:03'),
(94, 145048, 334, 1, 'Kobe factory', '2025-06-23', '2025-09-19', 3, '6311054/63', 'Kenou-kennan/Takarazuka/Kurume/Sanda/Estimation', 0, 7, '国内向け廃棄物焼却設備の設計図面作成', 'Jun Toshihiro', '+81-(0)78-682-5084', '+81-(0)78-682-5433', 'Mr. T. Kurosumi', '(81-78-682-5202/Ext. 7-20-81101)', 'Mr. H. Kanari', '(81-78-682-5072/Ext. 7-30-33217)', '企画本部　人事総務部　人事総務一課', '貞方 由羽（サダカタ ユウ）', '078-682-5202', '2025-04-14 14:43:39', 1, '2025-04-14 14:47:18'),
(95, 145048, 502, 1, 'Kobe factory', '2025-06-23', '2025-09-19', 3, '6311054/63', 'Kenou-kennan/Takarazuka/Kurume/Sanda/Estimation', 0, 7, '国内向け廃棄物焼却設備の設計図面作成', 'Jun Toshihiro', '+81-(0)78-682-5084', '+81-(0)78-682-5433', 'Mr. T. Kurosumi', '(81-78-682-5202/Ext. 7-20-81101)', 'Mr. H. Kanari', '(81-78-682-5072/Ext. 7-30-33217)', '企画本部　人事総務部　人事総務一課', '貞方 由羽（サダカタ ユウ）', '078-682-5202', '2025-04-14 14:53:01', 1, '2025-04-14 16:28:02'),
(96, 185024, 290, 1, 'Kobe', '2025-06-23', '2025-09-19', 3, '61H3G35', 'LH2 Tank 3D Drawings', 0, 5, '水素タンクの3Dモデル作成', 'Takashi Tsujimoto', '+81-(0)78-682-5561', '+81-(0)78-682-5431', 'Mr. T. Kurosumi', '(81-78-682-5202/Ext. 7-20-81101)', 'Mr. H. Kanari', '(81-78-682-5072/Ext. 7-30-33217)', '企画本部　人事総務部　人事総務一課', '貞方 由羽（サダカタ ユウ）', '078-682-5202', '2025-04-14 16:26:21', 1, '2025-04-14 16:28:08'),
(98, 155045, 390, 1, 'Kobe factory', '2025-06-23', '2025-09-19', 3, '6311054/63', 'Kenou-kennan/Takarazuka/Kurume/Sanda/Estimation', 0, 7, '国内向け廃棄物焼却設備の設計図面作成', 'Jun Toshihiro', '+81-(0)78-682-5084', '+81-(0)78-682-5433', 'Mr. T. Kurosumi', '(81-78-682-5202/Ext. 7-20-81101)', 'Mr. H. Kanari', '(81-78-682-5072/Ext. 7-30-33217)', '企画本部　人事総務部　人事総務一課', '貞方 由羽（サダカタ ユウ）', '078-682-5202', '2025-04-15 10:42:05', 1, '2025-04-15 10:42:32'),
(99, 155045, 429, 1, 'Kobe factory', '2025-06-23', '2025-09-19', 3, '6311054/63', 'Kenou-kennan/Takarazuka/Kurume/Sanda/Estimation', 0, 7, '国内向け廃棄物焼却設備の設計図面作成', 'Jun Toshihiro', '+81-(0)78-682-5084', '+81-(0)78-682-5433', 'Mr. T. Kurosumi', '(81-78-682-5202/Ext. 7-20-81101)', 'Mr. H. Kanari', '(81-78-682-5072/Ext. 7-30-33217)', '企画本部　人事総務部　人事総務一課', '貞方 由羽（サダカタ ユウ）', '078-682-5202', '2025-04-15 10:45:48', 1, '2025-04-15 10:56:53'),
(100, 155045, 437, 1, 'Kobe factory', '2025-06-23', '2025-09-19', 3, '6311054/63', 'Kenou-kennan/Takarazuka/Kurume/Sanda/Estimation', 0, 7, '国内向け廃棄物焼却設備の設計図面作成', 'Jun Toshihiro', '+81-(0)78-682-5084', '+81-(0)78-682-5433', 'Mr. T. Kurosumi', '(81-78-682-5202/Ext. 7-20-81101)', 'Mr. H. Kanari', '(81-78-682-5072/Ext. 7-30-33217)', '企画本部　人事総務部　人事総務一課', '貞方 由羽（サダカタ ユウ）', '078-682-5202', '2025-04-15 10:49:40', 1, '2025-04-15 10:57:00'),
(101, 155045, 516, 1, 'Kobe factory', '2025-06-23', '2025-09-19', 3, '6311054/63', 'Kenou-kennan/Takarazuka/Kurume/Sanda/Estimation', 0, 7, '国内向け廃棄物焼却設備の設計図面作成', 'Jun Toshihiro', '+81-(0)78-682-5084', '+81-(0)78-682-5433', 'Mr. T. Kurosumi', '(81-78-682-5202/Ext. 7-20-81101)', 'Mr. H. Kanari', '(81-78-682-5072/Ext. 7-30-33217)', '企画本部　人事総務部　人事総務一課', '貞方 由羽（サダカタ ユウ）', '078-682-5202', '2025-04-15 11:02:06', 1, '2025-04-15 11:03:47'),
(102, 155045, 436, 1, 'Kobe factory', '2025-06-23', '2025-09-19', 3, '6311054/63', 'Kenou-kennan/Takarazuka/Kurume/Sanda/Estimation', 0, 7, '国内向け廃棄物焼却設備の設計図面作成', 'Jun Toshihiro', '+81-(0)78-682-5084', '+81-(0)78-682-5433', 'Mr. T. Kurosumi', '(81-78-682-5202/Ext. 7-20-81101)', 'Mr. H. Kanari', '(81-78-682-5072/Ext. 7-30-33217)', '企画本部　人事総務部　人事総務一課', '貞方 由羽（サダカタ ユウ）', '078-682-5202', '2025-04-15 11:06:33', 1, '2025-04-15 11:07:58'),
(103, 155045, 460, 1, 'Kobe factory', '2025-06-23', '2025-09-19', 3, '6311054/63', 'Kenou-kennan/Takarazuka/Kurume/Sanda/Estimation', 0, 7, '国内向け廃棄物焼却設備の設計図面作成', 'Jun Toshihiro', '+81-(0)78-682-5084', '+81-(0)78-682-5433', 'Mr. T. Kurosumi', '(81-78-682-5202/Ext. 7-20-81101)', 'Mr. H. Kanari', '(81-78-682-5072/Ext. 7-30-33217)', '企画本部　人事総務部　人事総務一課', '貞方 由羽（サダカタ ユウ）', '078-682-5202', '2025-04-15 11:08:37', 1, '2025-04-15 11:09:18'),
(104, 95017, 330, 1, 'Kobe', '2025-06-23', '2025-12-19', 3, '6311058-P5', 'Kurume Project', 0, 11, 'ごみ焼却プラントの配管設計業務', 'Hirofumi Kuroda', '+81-(0)78-682-5233', '+81-(0)78-682-5244', 'Mr. T. Kurosumi', '(81-78-682-5202/Ext. 7-20-81101)', 'Mr. H. Kanari', '(81-78-682-5072/Ext. 7-30-33217)', '企画本部　人事総務部　人事総務一課', '貞方 由羽（サダカタ ユウ）', '078-682-5202', '2025-04-15 15:53:19', 1, '2025-04-15 16:40:14'),
(105, 95017, 501, 1, 'Kobe', '2025-06-23', '2025-12-19', 3, '6311058-P5', 'Kurume', 0, 11, 'ごみ焼却プラントの配管設計業務', 'Hirofumi Kuroda', '+81-(0)78-682-5233', '+81-(0)78-682-5244', 'Mr. T. Kurosumi', '(81-78-682-5202/Ext. 7-20-81101)', 'Mr. H. Kanari', '(81-78-682-5072/Ext. 7-30-33217)', '企画本部　人事総務部　人事総務一課', '貞方 由羽（サダカタ ユウ）', '078-682-5202', '2025-04-15 15:55:47', 1, '2025-04-15 16:40:10'),
(106, 95017, 475, 1, 'Kobe', '2025-06-23', '2025-12-19', 3, '6311058-P5', 'Kurume', 0, 11, 'ごみ焼却プラントの配管設計業務', 'Hirofumi Kuroda', '+81-(0)78-682-5233', '+81-(0)78-682-5244', 'Mr. T. Kurosumi', '(81-78-682-5202/Ext. 7-20-81101)', 'Mr. H. Kanari', '(81-78-682-5072/Ext. 7-30-33217)', '企画本部　人事総務部　人事総務一課', '貞方 由羽（サダカタ ユウ）', '078-682-5202', '2025-04-15 15:57:40', 1, '2025-04-15 16:40:06'),
(107, 185024, 373, 1, 'Kobe', '2025-06-23', '2025-12-19', 3, '5145101', 'LNG Tank 2D drawing', 0, 5, 'LNGタンク図面の作成', 'Takashi Tsujimoto', '+81-(0)78-682-5561', '+81-(0)78-682-5431', 'Mr. T. Kurosumi', '(81-78-682-5202/Ext. 7-20-81101)', 'Mr. H. Kanari', '(81-78-682-5072/Ext. 7-30-33217)', '企画本部　人事総務部　人事総務一課', '貞方 由羽（サダカタ ユウ）', '078-682-5202', '2025-04-16 14:58:20', 1, '2025-04-16 14:59:13'),
(110, 155012, 381, 3, 'China / Dalian Deetop Heavy Industry', '2025-06-17', '2025-07-04', 1, '6104298', 'JFE福山C-1STL', 1, 9, 'JFE福山案件の製作フォローおよび図面改正対応', 'Jun Kohnoki', '+81-(0)78-682-5266', '+81-(0)78-682-5585', 'Mr. T. Kurosumi', '(81-78-682-5202/Ext. 7-20-81101)', 'Mr. H. Kanari', '(81-78-682-5072/Ext. 7-30-33217)', '企画本部　人事総務部　人事総務一課', '貞方 由羽（サダカタ ユウ）', '078-682-5202', '2025-05-19 08:07:43', 1, '2025-05-19 12:27:54'),
(111, 155012, 413, 3, 'China / Dalian Deetop Heavy Industry', '2025-06-17', '2025-07-04', 1, '6104298', 'JFE福山C-1STL', 1, 9, 'JFE福山案件の製作進捗フォローおよび図面改正対応', 'Jun Kohnoki', '+81-(0)78-682-5266', '+81-(0)78-682-5585', 'Mr. T. Kurosumi', '(81-78-682-5202/Ext. 7-20-81101)', 'Mr. H. Kanari', '(81-78-682-5072/Ext. 7-30-33217)', '企画本部　人事総務部　人事総務一課', '貞方 由羽（サダカタ ユウ）', '078-682-5202', '2025-05-19 08:14:59', 1, '2025-05-19 12:27:50'),
(112, 216806, 260, 1, 'Yachiyo-city, Chiba-pref', '2025-06-23', '2025-09-19', 3, 'E18100029,', 'Each plant estimate and order work', 0, 13, '破砕機プラントの詳細設計', 'H. Kurita', '+81-(0)47-483-5811', '+81-(0)47-483-3733', 'Mr. T. Kurosumi', '(81-78-682-5202/Ext. 7-20-81101)', 'Mr. H. Kanari', '(81-78-682-5072/Ext. 7-30-33217)', '破砕技術二課', '栗田 大樹', '+81-(0)47-483-5817', '2025-05-21 09:35:26', 1, '2025-05-21 10:41:30'),
(113, 75006, 302, 1, 'Kobe', '2025-09-01', '2025-11-28', 3, '61W2283-89', 'STANDARDIZATION KOBE', 0, 6, '各種プラントの電気計装設計', 'S. Oka', '+81-(0)78-682-5252', '+81-(0)78-682-5542', 'Mr. T. Asano', '(81-78-682-5202/Ext. 7-20-81101)', 'Mr. H. Kanari', '(81-78-682-5072/Ext. 7-30-33217)', '企画本部　人事総務部　人事総務一課', '貞方 由羽（サダカタ ユウ）', '078-682-5202', '2025-05-27 07:46:09', 1, '2025-05-27 08:35:35'),
(114, 75006, 376, 1, 'Kobe', '2025-09-01', '2025-11-28', 3, '61W2283-89', 'STANDARDIZATION KOBE', 0, 6, '各種プラントの電気計装設計', 'S. Oka', '+81-(0)78-682-5252', '+81-(0)78-682-5542', 'Mr. T. Asano', '(81-78-682-5202/Ext. 7-20-81101)', 'Mr. H. Kanari', '(81-78-682-5072/Ext. 7-30-33217)', '企画本部　人事総務部　人事総務一課', '貞方 由羽（サダカタ ユウ）', '078-682-5202', '2025-05-27 07:50:06', 1, '2025-05-27 08:35:43'),
(115, 205039, 263, 1, 'Kobe', '2025-09-22', '2025-12-19', 3, '61W2202', 'Estimation job / Training', 0, 9, '国内向け搬送製品の図面、3Dモデル作成', 'Jun Kohnoki', '+81-(0)78-682-5266', '+81-(0)78-682-5585', 'Mr. T. Kurosumi', '(81-78-682-5202/Ext. 7-20-81101)', 'Mr. H. Kanari', '(81-78-682-5072/Ext. 7-30-33217)', '企画本部　人事総務部　人事総務一課', '貞方 由羽（サダカタ ユウ）', '078-682-5202', '2025-05-27 10:21:30', 1, '2025-05-27 10:36:35'),
(117, 205039, 381, 1, 'Kobe', '2025-09-22', '2025-12-19', 3, '61W2202', 'Estimation job / Training', 0, 9, '国内向け搬送製品の図面、3Dモデル作成', 'Jun Kohnoki', '+81-(0)78-682-5266', '+81-(0)78-682-5585', 'Mr. T. Kurosumi', '(81-78-682-5202/Ext. 7-20-81101)', 'Mr. H. Kanari', '(81-78-682-5072/Ext. 7-30-33217)', '企画本部　人事総務部　人事総務一課', '貞方 由羽（サダカタ ユウ）', '078-682-5202', '2025-05-27 10:25:28', 1, '2025-05-27 10:36:14'),
(118, 205039, 489, 1, 'Kobe', '2025-09-22', '2025-12-19', 3, '61W2202', 'Estimation job / Training', 0, 9, '国内向け搬送製品の図面、3Dモデル作成', 'Jun Kohnoki', '+81-(0)78-682-5266', '+81-(0)78-682-5585', 'Mr. T. Kurosumi', '(81-78-682-5202/Ext. 7-20-81101)', 'Mr. H. Kanari', '(81-78-682-5072/Ext. 7-30-33217)', '企画本部　人事総務部　人事総務一課', '貞方 由羽（サダカタ ユウ）', '078-682-5202', '2025-05-27 10:27:32', 1, '2025-05-27 10:36:06'),
(119, 205039, 417, 1, 'Kobe', '2025-09-22', '2025-12-19', 3, '61W2202', 'Estimation job / Training', 0, 9, '国内向け搬送製品の図面、3Dモデル作成', 'Jun Kohnoki', '+81-(0)78-682-5266', '+81-(0)78-682-5585', 'Mr. T. Kurosumi', '(81-78-682-5202/Ext. 7-20-81101)', 'Mr. H. Kanari', '(81-78-682-5072/Ext. 7-30-33217)', '企画本部　人事総務部　人事総務一課', '貞方 由羽（サダカタ ユウ）', '078-682-5202', '2025-05-27 10:30:14', 1, '2025-05-27 10:35:57'),
(120, 205039, 478, 1, 'Kobe', '2025-09-22', '2025-12-19', 3, '61W2202', 'Estimation job / Training', 0, 9, '国内向け搬送製品の図面、3Dモデル作成', 'Jun Kohnoki', '+81-(0)78-682-5266', '+81-(0)78-682-5585', 'Mr. T. Kurosumi', '(81-78-682-5202/Ext. 7-20-81101)', 'Mr. H. Kanari', '(81-78-682-5072/Ext. 7-30-33217)', '企画本部　人事総務部　人事総務一課', '貞方 由羽（サダカタ ユウ）', '078-682-5202', '2025-05-27 10:31:36', 1, '2025-05-27 10:35:44'),
(121, 75006, 509, 1, 'Kobe', '2025-09-01', '2026-08-07', 3, '61W2283-89', 'STANDARDIZATION KOBE', 0, 6, '各種プラントの電気計装設計', 'S. Oka', '+81-(0)78-682-5252', '+81-(0)78-682-5542', 'Mr. T. Asano', '(81-78-682-5202/Ext. 7-20-81101)', 'Mr. H. Kanari', '(81-78-682-5072/Ext. 7-30-33217)', '企画本部　人事総務部　人事総務一課', '貞方 由羽（サダカタ ユウ）', '078-682-5202', '2025-05-27 12:13:20', 1, '2025-05-27 12:19:05'),
(122, 95017, 305, 1, 'Kobe', '2025-09-01', '2025-11-28', 3, '6311059-P5', 'SANDA', 0, 11, 'ごみ焼却プラントの配管設計業務', 'Hirofumi Kuroda', '+81-(0)78-682-5233', '+81-(0)78-682-5244', 'Mr. T. Kurosumi', '(81-78-682-5202/Ext. 7-20-81101)', 'Mr. H. Kanari', '(81-78-682-5072/Ext. 7-30-33217)', '企画本部　人事総務部　人事総務一課', '貞方 由羽（サダカタ ユウ）', '078-682-5202', '2025-05-29 06:34:45', 1, '2025-05-29 08:33:03'),
(123, 95017, 508, 1, 'Kobe', '2025-09-01', '2025-11-28', 3, '6311059-P5', 'SANDA', 0, 11, 'ごみ焼却プラントの配管設計業務', 'Hirofumi Kuroda', '+81-(0)78-682-5233', '+81-(0)78-682-5244', 'Mr. T. Kurosumi', '(81-78-682-5202/Ext. 7-20-81101)', 'Mr. H. Kanari', '(81-78-682-5072/Ext. 7-30-33217)', '企画本部　人事総務部　人事総務一課', '貞方 由羽（サダカタ ユウ）', '078-682-5202', '2025-05-29 06:37:11', 1, '2025-05-29 08:33:08'),
(124, 95017, 447, 1, 'Kobe', '2025-09-01', '2025-11-28', 3, '6311059-P5', 'Sanda', 0, 11, 'ごみ焼却プラントの配管設計業務', 'Hirofumi Kuroda', '+81-(0)78-682-5233', '+81-(0)78-682-5244', 'Mr. T. Kurosumi', '(81-78-682-5202/Ext. 7-20-81101)', 'Mr. H. Kanari', '(81-78-682-5072/Ext. 7-30-33217)', '企画本部　人事総務部　人事総務一課', '貞方 由羽（サダカタ ユウ）', '078-682-5202', '2025-05-29 06:39:21', 1, '2025-05-29 08:33:14'),
(125, 95017, 450, 1, 'Kobe', '2025-09-01', '2025-11-28', 3, '6311059-P5', 'Sanda', 0, 11, 'ごみ焼却プラントの配管設計業務', 'Hirofumi Kuroda', '+81-(0)78-682-5233', '+81-(0)78-682-5244', 'Mr. T. Kurosumi', '(81-78-682-5202/Ext. 7-20-81101)', 'Mr. H. Kanari', '(81-78-682-5072/Ext. 7-30-33217)', '企画本部　人事総務部　人事総務一課', '貞方 由羽（サダカタ ユウ）', '078-682-5202', '2025-05-29 06:40:53', 1, '2025-05-29 08:33:19'),
(126, 155011, 406, 1, 'Kobe (KJB Office)', '2025-09-01', '2025-11-28', 3, '51A1A11-P4', 'Kawasaki LH2 Terminal Project', 0, 2, 'プラントの3Dモデル作成、計画図・製作図作成', 'Takahiro Aoki', '+81-(0)80-4153-7433', '+81-(0)78-682-5539', 'Mr. T. Kurosumi', '(81-78-682-5202/Ext. 7-20-81101)', 'Mr. H. Kanari', '(81-78-682-5072/Ext. 7-30-33217)', '企画本部　人事総務部　人事総務一課', '貞方 由羽（サダカタ ユウ）', '078-682-5202', '2025-05-29 11:36:13', 1, '2025-05-29 13:17:28');
INSERT INTO `request_list` (`request_id`, `requester_id`, `emp_number`, `location_id`, `specific_loc`, `dispatch_from`, `dispatch_to`, `invitation_id`, `work_order`, `project_name`, `site_dispatch`, `dept_id`, `work_content`, `req_name`, `req_tel`, `req_fax`, `gap_name`, `gap_tel`, `cdcp_name`, `cdcp_tel`, `dept_in_charge`, `dic_name`, `dic_tel`, `date_requested`, `request_status`, `date_modified`) VALUES
(127, 95017, 306, 1, 'Kobe', '2025-09-01', '2025-11-28', 3, '6311058-P5', 'Kurume', 0, 11, 'ごみ焼却プラントの配管設計業務', 'Hirofumi Kuroda', '+81-(0)78-682-5233', '+81-(0)78-682-5244', 'Mr. T. Kurosumi', '(81-78-682-5202/Ext. 7-20-81101)', 'Mr. H. Kanari', '(81-78-682-5072/Ext. 7-30-33217)', '企画本部　人事総務部　人事総務一課', '貞方 由羽（サダカタ ユウ）', '078-682-5202', '2025-05-30 15:15:40', 1, '2025-05-30 16:22:20'),
(128, 95017, 358, 1, 'Kobe', '2025-09-22', '2025-12-19', 3, '6311060-P5', 'Awaji', 0, 11, 'ごみ焼却プラントの配管設計業務', 'Hirofumi Kuroda', '+81-(0)78-682-5233', '+81-(0)78-682-5244', 'Mr. T. Kurosumi', '(81-78-682-5202/Ext. 7-20-81101)', 'Mr. H. Kanari', '(81-78-682-5072/Ext. 7-30-33217)', '企画本部　人事総務部　人事総務一課', '貞方 由羽（サダカタ ユウ）', '078-682-5202', '2025-05-30 15:32:59', 1, '2025-05-30 16:22:27'),
(129, 95017, 471, 1, 'Kobe', '2025-09-22', '2025-12-19', 3, '6311060-P5', 'Awaji', 0, 11, 'ごみ焼却プラントの配管設計業務', 'Hirofumi Kuroda', '+81-(0)78-682-5233', '+81-(0)78-682-5244', 'Mr. T. Kurosumi', '(81-78-682-5202/Ext. 7-20-81101)', 'Mr. H. Kanari', '(81-78-682-5072/Ext. 7-30-33217)', '企画本部　人事総務部　人事総務一課', '貞方 由羽（サダカタ ユウ）', '078-682-5202', '2025-05-30 15:34:47', 1, '2025-05-30 16:22:31'),
(130, 255024, 382, 1, 'Kobe', '2025-09-01', '2025-11-28', 3, '51A1A11-EC', 'Liquefied Hydrogen_ Receiving plant', 0, 4, '鉄骨構造物の構造計算・図面作成', 'Kenichi Iikawa', '+81-(0)8099473003', '+81-(0)', 'Mr. T. Kurosumi', '(81-78-682-5202/Ext. 7-20-81101)', 'Mr. H. Kanari', '(81-78-682-5072/Ext. 7-30-33217)', '企画本部　人事総務部　人事総務一課', '貞方 由羽（サダカタ ユウ）', '078-682-5202', '2025-06-04 07:19:54', 1, '2025-06-04 21:06:52'),
(131, 255024, 383, 1, 'Kobe', '2025-09-01', '2025-11-28', 3, '51A1A11-EC', 'Liquefied Hydrogen_ Receiving plant', 0, 4, '鉄骨構造物の構造計算・図面作成', 'Kenichi Iikawa', '+81-(0)786825217', '+81-(0)', 'Mr. T. Kurosumi', '(81-78-682-5202/Ext. 7-20-81101)', 'Mr. H. Kanari', '(81-78-682-5072/Ext. 7-30-33217)', '企画本部　人事総務部　人事総務一課', '貞方 由羽（サダカタ ユウ）', '078-682-5202', '2025-06-04 07:30:15', 1, '2025-06-04 21:06:58'),
(132, 255024, 523, 1, 'Kobe', '2025-09-01', '2025-11-28', 3, '51A1A11-EC', 'Liquefied Hydrogen_ Receiving plant', 0, 4, '鉄骨構造物の構造計算・図面作成', 'Kenichi Iikawa', '+81-(0)786825217', '+81-(0)', 'Mr. T. Kurosumi', '(81-78-682-5202/Ext. 7-20-81101)', 'Mr. H. Kanari', '(81-78-682-5072/Ext. 7-30-33217)', '企画本部　人事総務部　人事総務一課', '貞方 由羽（サダカタ ユウ）', '078-682-5202', '2025-06-04 07:35:39', 1, '2025-06-04 21:07:05'),
(133, 155045, 224, 1, 'Kobe factory', '2025-09-22', '2025-12-19', 3, '6311054/63', 'Kenou-kennan/Takarazuka/Kurume/Sanda/Awaji/Estimation', 0, 7, '国内向け廃棄物焼却設備の設計図面作成', 'Jun Toshihiro', '+81-(0)78-682-5084', '+81-(0)78-682-5433', 'Mr. T. Asano', '(81-78-682-5202/Ext. 7-20-81101)', 'Mr. H. Kanari', '(81-78-682-5072/Ext. 7-30-33217)', '企画本部　人事総務部　人事総務一課', '貞方 由羽（サダカタ ユウ）', '078-682-5202', '2025-06-16 15:08:49', 1, '2025-06-16 15:10:21'),
(134, 155045, 221, 1, 'Kobe factory', '2025-09-22', '2025-12-19', 3, '6311054/63', 'Kenou-kennan/Takarazuka/Kurume/Sanda/Awaji/Estimation', 0, 7, '国内向け廃棄物焼却設備の設計図面作成', 'Jun Toshihiro', '+81-(0)78-682-5084', '+81-(0)78-682-5433', 'Mr. T. Asano', '(81-78-682-5202/Ext. 7-20-81101)', 'Mr. H. Kanari', '(81-78-682-5072/Ext. 7-30-33217)', '企画本部　人事総務部　人事総務一課', '貞方 由羽（サダカタ ユウ）', '078-682-5202', '2025-06-16 15:15:08', 1, '2025-06-16 15:17:22'),
(135, 205028, 425, 1, 'Kobe factory', '2025-09-22', '2025-12-19', 3, '6311054/63', 'Kenou-kennan/Takarazuka/Kurume/Sanda/Awaji/Estimation', 0, 7, '国内向け廃棄物焼却設備の設計図面作成', 'Jun Toshihiro', '+81-(0)78-682-5084', '+81-(0)78-682-5433', 'Mr. T. Asano', '(81-78-682-5202/Ext. 7-20-81101)', 'Mr. H. Kanari', '(81-78-682-5072/Ext. 7-30-33217)', '企画本部　人事総務部　人事総務一課', '貞方 由羽（サダカタ ユウ）', '078-682-5202', '2025-06-16 15:23:15', 1, '2025-06-16 15:28:43'),
(136, 205028, 428, 1, 'Kobe factory', '2025-09-22', '2025-12-19', 3, '6311054/63', 'Kenou-kennan/Takarazuka/Kurume/Sanda/Awaji/Estimation', 0, 7, '国内向け廃棄物焼却設備の設計図面作成', 'Jun Toshihiro', '+81-(0)78-682-5084', '+81-(0)78-682-5433', 'Mr. T. Asano', '(81-78-682-5202/Ext. 7-20-81101)', 'Mr. H. Kanari', '(81-78-682-5072/Ext. 7-30-33217)', '企画本部　人事総務部　人事総務一課', '貞方 由羽（サダカタ ユウ）', '078-682-5202', '2025-06-16 15:27:16', 1, '2025-06-16 15:28:35'),
(137, 205028, 434, 1, 'Kobe factory', '2025-09-22', '2025-12-19', 3, '6311054/63', 'Kenou-kennan/Takarazuka/Kurume/Sanda/Awaji/Estimation', 0, 7, '国内向け廃棄物焼却設備の設計図面作成', 'Jun Toshihiro', '+81-(0)78-682-5084', '+81-(0)78-682-5433', 'Mr. T. Asano', '(81-78-682-5202/Ext. 7-20-81101)', 'Mr. H. Kanari', '(81-78-682-5072/Ext. 7-30-33217)', '企画本部　人事総務部　人事総務一課', '貞方 由羽（サダカタ ユウ）', '078-682-5202', '2025-06-16 15:30:55', 1, '2025-06-16 15:32:17'),
(138, 155045, 481, 1, 'Kobe factory', '2025-09-22', '2025-12-19', 3, '6311054/63', 'Kenou-kennan/Takarazuka/Kurume/Sanda/Awaji/Estimation', 0, 7, '国内向け廃棄物焼却設備の設計図面作成', 'Jun Toshihiro', '+81-(0)78-682-5084', '+81-(0)78-682-5433', 'Mr. T. Asano', '(81-78-682-5202/Ext. 7-20-81101)', 'Mr. H. Kanari', '(81-78-682-5072/Ext. 7-30-33217)', '企画本部　人事総務部　人事総務一課', '貞方 由羽（サダカタ ユウ）', '078-682-5202', '2025-06-16 15:31:27', 1, '2025-06-16 15:32:10'),
(139, 205028, 531, 1, 'Kobe factory', '2025-09-22', '2025-12-19', 3, '6311054/63', 'Kenou-kennan/Takarazuka/Kurume/Sanda/Awaji/Estimation', 0, 7, '国内向け廃棄物焼却設備の設計図面作成', 'Jun Toshihiro', '+81-(0)78-682-5084', '+81-(0)78-682-5433', 'Mr. T. Asano', '(81-78-682-5202/Ext. 7-20-81101)', 'Mr. H. Kanari', '(81-78-682-5072/Ext. 7-30-33217)', '企画本部　人事総務部　人事総務一課', '貞方 由羽（サダカタ ユウ）', '078-682-5202', '2025-06-16 15:40:49', 1, '2025-06-16 15:42:21'),
(140, 155045, 459, 1, 'Kobe factory', '2025-09-22', '2025-12-19', 3, '6311054/63', 'Kenou-kennan/Takarazuka/Kurume/Sanda/Awaji/Estimation', 0, 7, '国内向け廃棄物焼却設備の設計図面作成', 'Jun Toshihiro', '+81-(0)78-682-5084', '+81-(0)78-682-5433', 'Mr. T. Asano', '(81-78-682-5202/Ext. 7-20-81101)', 'Mr. H. Kanari', '(81-78-682-5072/Ext. 7-30-33217)', '企画本部　人事総務部　人事総務一課', '貞方 由羽（サダカタ ユウ）', '078-682-5202', '2025-06-16 15:41:33', 1, '2025-06-16 15:42:15'),
(141, 155011, 505, 1, 'Kobe', '2025-09-22', '2025-12-19', 3, '-', 'Mill & Kiln project', 0, 2, 'プラント構成機器の3Dモデル作成、計画図・製作図作成', 'Takahiro Aoki', '+81-(0)80-4153-7433', '+81-(0)78-682-5539', 'Mr. T. Kurosumi', '(81-78-682-5202/Ext. 7-20-81101)', 'Mr. H. Kanari', '(81-78-682-5072/Ext. 7-30-33217)', '企画本部　人事総務部　人事総務一課', '貞方 由羽（サダカタ ユウ）', '078-682-5202', '2025-06-17 08:44:30', 1, '2025-06-17 08:59:36'),
(142, 155011, 507, 1, 'Kobe', '2025-09-22', '2025-12-19', 3, '-', 'Mill & Kiln project', 0, 2, 'プラント構成機器の3Dモデル作成、計画図・製作図作成', 'Takahiro Aoki', '+81-(0)80-4153-7433', '+81-(0)78-682-5539', 'Mr. T. Kurosumi', '(81-78-682-5202/Ext. 7-20-81101)', 'Mr. H. Kanari', '(81-78-682-5072/Ext. 7-30-33217)', '企画本部　人事総務部　人事総務一課', '貞方 由羽（サダカタ ユウ）', '078-682-5202', '2025-06-17 08:47:01', 1, '2025-06-17 08:59:32'),
(143, 155012, 230, 1, 'Kobe', '2025-09-22', '2025-12-19', 3, '61W2202', 'Estimation job / Training', 0, 9, '国内・海外向け搬送設備の図面、3Dモデル作成', 'Jun Kohnoki', '+81-(0)78-682-5266', '+81-(0)78-682-5585', 'Mr. T. Kurosumi', '(81-78-682-5202/Ext. 7-20-81101)', 'Mr. H. Kanari', '(81-78-682-5072/Ext. 7-30-33217)', '企画本部　人事総務部　人事総務一課', '貞方 由羽（サダカタ ユウ）', '078-682-5202', '2025-06-18 16:20:18', 1, '2025-06-18 16:30:43'),
(144, 195024, 328, 1, 'Kobe', '2025-09-22', '2025-12-19', 3, '6122020', 'Tainan KCFB PJ', 0, 1, 'ボイラ耐圧部製作図面作図', 'S. Tabata', '+81-(0)78-682-5039', '+81-(0)78-682-5041', 'Mr. T. Kurosumi', '(81-78-682-5202/Ext. 7-20-81101)', 'Mr. H. Kanari', '(81-78-682-5072/Ext. 7-30-33217)', '企画本部　人事総務部　人事総務一課', '貞方 由羽（サダカタ ユウ）', '078-682-5202', '2025-06-19 19:23:08', 1, '2025-06-20 13:59:34'),
(145, 195024, 480, 1, 'Kobe', '2025-09-22', '2025-12-19', 3, '6122020', 'Tainan KCFB', 0, 1, 'ボイラ3Dモデル作成及び製作図面作図', 'S. Tabata', '+81-(0)78-682-5039', '+81-(0)78-682-5041', 'Mr. T. Kurosumi', '(81-78-682-5202/Ext. 7-20-81101)', 'Mr. H. Kanari', '(81-78-682-5072/Ext. 7-30-33217)', '企画本部　人事総務部　人事総務一課', '貞方 由羽（サダカタ ユウ）', '078-682-5202', '2025-06-19 19:26:52', 1, '2025-06-20 13:59:29'),
(146, 185024, 350, 1, 'Kobe', '2025-09-22', '2025-12-19', 3, '51A1A11-RK', 'Unloading Terminal Liquefaction', 0, 5, 'Primavera P6の運用', 'Takashi Tsujimoto', '+81-(0)78-682-5561', '+81-(0)78-682-5431', 'Mr. T. Kurosumi', '(81-78-682-5202/Ext. 7-20-81101)', 'Mr. H. Kanari', '(81-78-682-5072/Ext. 7-30-33217)', '企画本部　人事総務部　人事総務一課', '貞方 由羽（サダカタ ユウ）', '078-682-5202', '2025-06-20 16:49:29', 1, '2025-06-20 16:52:10'),
(147, 155502, 291, 1, 'Kobe', '2025-09-22', '2025-12-19', 3, '51A1PR3-P4', 'Commercialization of Hydrogen Supply Chain Project', 0, 3, '商用化実証の詳細設計\nGTG-2の基本設計\n新規水素チェーンのPre-FEED業務', 'Hitoshi Sunouchi', '+81-(0)78-682-5380', '+81-(0)78-682-5535', 'Mr. T. Kurosumi', '(81-78-682-5202/Ext. 7-20-81101)', 'Mr. H. Kanari', '(81-78-682-5072/Ext. 7-30-33217)', '企画本部　人事総務部　人事総務一課', '貞方 由羽（サダカタ ユウ）', '078-682-5202', '2025-06-26 09:45:46', 1, '2025-06-26 11:17:15'),
(148, 155502, 344, 1, 'Kobe', '2025-09-22', '2025-12-19', 3, '51A1PR3-P4', 'Commercialization of Hydrogen Supply Chain Project', 0, 3, '商用化実証の詳細設計\nGTG-2の基本設計\n新規水素チェーンのPre-FEED業務', 'Hitoshi Sunouchi', '+81-(0)78-682-5380', '+81-(0)78-682-5535', 'Mr. T. Kurosumi', '(81-78-682-5202/Ext. 7-20-81101)', 'Mr. H. Kanari', '(81-78-682-5072/Ext. 7-30-33217)', '企画本部　人事総務部　人事総務一課', '貞方 由羽（サダカタ ユウ）', '078-682-5202', '2025-06-26 09:49:31', 1, '2025-06-26 11:17:09'),
(149, 155502, 506, 1, 'Kobe', '2025-09-22', '2025-12-19', 3, '51A1PR3-P4', 'Commercialization of Hydrogen Supply Chain Project', 0, 3, '商用化実証の詳細設計\nGTG-2の基本設計\n新規水素チェーンのPre-FEED業務', 'Hitoshi Sunouchi', '+81-(0)78-682-5380', '+81-(0)78-682-5535', 'Mr. T. Kurosumi', '(81-78-682-5202/Ext. 7-20-81101)', 'Mr. H. Kanari', '(81-78-682-5072/Ext. 7-30-33217)', '企画本部　人事総務部　人事総務一課', '貞方 由羽（サダカタ ユウ）', '078-682-5202', '2025-06-26 09:52:01', 1, '2025-06-26 11:17:04'),
(150, 75006, 524, 1, 'Kobe', '2025-09-01', '2025-11-28', 3, '61W2283-89', 'STANDARDIZATION KOBE', 0, 6, '各種プラントの電気計装設計', 'S. Oka', '+81-(0)78-682-5252', '+81-(0)78-682-5542', 'Mr. T. Asano', '(81-78-682-5202/Ext. 7-20-81101)', 'Mr. H. Kanari', '(81-78-682-5072/Ext. 7-30-33217)', '企画本部　人事総務部　人事総務一課', '貞方 由羽（サダカタ ユウ）', '078-682-5202', '2025-07-01 07:40:41', 1, '2025-07-01 15:18:53'),
(151, 155502, 515, 1, 'Kobe', '2026-01-05', '2026-03-27', 3, '51A1PR3-P4', 'Commercialization of Hydrogen Supply Chain Project', 0, 3, 'SPPID work (H2 supply chain PJ, GTG-2) Estimation work for H2 supply chain PJ, GTG-2 PJ, and others', 'Hitoshi Sunouchi', '+81-(0)78-682-5380', '+81-(0)78-682-5535', 'Mr. T. Kurosumi', '(81-78-682-5202/Ext. 7-20-81101)', 'Mr. H. Kanari', '(81-78-682-5072/Ext. 7-30-33217)', '企画本部　人事労務総括部　人事総務部　人事総務一課', '富田　彩実（トミタ　アヤミ）　', '078-682-5202', '2025-08-06 12:13:25', 1, '2025-09-02 10:40:18'),
(152, 155502, 261, 1, 'Kobe', '2026-01-05', '2026-03-27', 3, '51A1PR3-P4', 'Commercialization of Hydrogen Supply Chain Project', 0, 3, 'SPPID work (H2 supply chain PJ, GTG-2) Estimation work for H2 supply chain PJ, GTG-2 PJ, and others', 'Hitoshi Sunouchi', '+81-(0)78-682-5380', '+81-(0)78-682-5535', 'Mr. T. Kurosumi', '(81-78-682-5202/Ext. 7-20-81101)', 'Mr. H. Kanari', '(81-78-682-5072/Ext. 7-30-33217)', '企画本部　人事労務総括部　人事総務部　人事総務一課', '富田　彩実（トミタ　アヤミ）　', '078-682-5202', '2025-08-06 12:14:33', 1, '2025-09-02 10:40:14'),
(153, 155502, 537, 1, 'Kobe', '2026-01-05', '2026-03-27', 3, '51A1PR3-P4', 'Commercialization of Hydrogen Supply Chain Project', 0, 3, 'SPPID work (H2 supply chain PJ, GTG-2) Estimation work for H2 supply chain PJ, GTG-2 PJ, and others', 'Hitoshi Sunouchi', '+81-(0)78-682-5380', '+81-(0)78-682-5535', 'Mr. T. Kurosumi', '(81-78-682-5202/Ext. 7-20-81101)', 'Mr. H. Kanari', '(81-78-682-5072/Ext. 7-30-33217)', '企画本部　人事労務総括部　人事総務部　人事総務一課', '富田　彩実（トミタ　アヤミ）　', '078-682-5202', '2025-08-06 12:16:01', 0, '2025-09-02 10:40:08'),
(154, 195024, 402, 1, 'Kobe', '2025-11-12', '2026-05-12', 3, '61H2914', 'KCC kobe ', 0, 1, '現地試運転・試験助勢業務', 'S. Tabata', '+81-(0)78-682-5039', '+81-(0)78-682-5041', 'Mr. T. Kurosumi', '(81-78-682-5202/Ext. 7-20-81101)', 'Mr. H. Kanari', '(81-78-682-5072/Ext. 7-30-33217)', '企画本部　人事労務総括部　人事総務部　人事総務一課', '富田　彩実（トミタ　アヤミ）　', '078-682-5202', '2025-09-12 13:42:08', 1, '2025-09-12 14:07:07'),
(155, 185024, 350, 1, 'Kobe', '2026-01-05', '2026-03-27', 3, '51A1A11-RK', 'Unloading Terminal Liquefaction', 0, 5, 'Primaveraによる工程進捗管理', 'Takashi Tsujimoto', '+81-(0)78-682-5561', '+81-(0)78-682-5431', 'Mr. T. Kurosumi', '(81-78-682-5202/Ext. 7-20-81101)', 'Mr. H. Kanari', '(81-78-682-5072/Ext. 7-30-33217)', '企画本部　人事労務総括部　人事総務部　人事総務一課', '富田　彩実（トミタ　アヤミ）　', '078-682-5202', '2025-09-16 16:58:54', 1, '2025-09-17 07:30:17'),
(156, 185024, 499, 1, 'Kobe', '2026-01-05', '2026-03-27', 3, '51A1C11-P5', 'VIP E3D', 0, 5, 'E3Dによる真空二重配管の設計', 'Takashi Tsujimoto', '+81-(0)78-682-5561', '+81-(0)78-682-5431', 'Mr. T. Kurosumi', '(81-78-682-5202/Ext. 7-20-81101)', 'Mr. H. Kanari', '(81-78-682-5072/Ext. 7-30-33217)', '企画本部　人事労務総括部　人事総務部　人事総務一課', '富田　彩実（トミタ　アヤミ）　', '078-682-5202', '2025-09-16 17:02:09', 1, '2025-09-17 07:30:22'),
(157, 155502, 281, 1, 'Kobe', '2026-01-05', '2026-03-27', 3, '51A1PR3-P4', 'Commercialization of Hydrogen Supply Chain Project', 0, 3, 'SPPID work (H2 supply chain, GTG-2)\nEstimation work for H2 supply chain PJ,others', 'Hitoshi Sunouchi', '+81-(0)78-682-5380', '+81-(0)78-682-5535', 'Mr. T. Kurosumi', '(81-78-682-5202/Ext. 7-20-81101)', 'Mr. H. Kanari', '(81-78-682-5072/Ext. 7-30-33217)', '企画本部　人事労務総括部　人事総務部　人事総務一課', '富田　彩実（トミタ　アヤミ）　', '078-682-5202', '2025-09-19 16:44:40', 1, '2025-09-19 17:02:05'),
(158, 155011, 406, 1, 'Kobe', '2026-01-05', '2026-06-19', 3, '-', 'Mill & Kiln project', 0, 2, 'プラントの3Dモデル作成、計画図・製作図作成', 'Takahiro Aoki', '+81-(0)80-4153-7433', '+81-(0)78-682-5539', 'Mr. T. Kurosumi', '(81-78-682-5202/Ext. 7-20-81101)', 'Mr. H. Kanari', '(81-78-682-5072/Ext. 7-30-33217)', '企画本部　人事労務総括部　人事総務部　人事総務一課', '富田　彩実（トミタ　アヤミ）　', '078-682-5202', '2025-09-25 14:50:51', 1, '2025-09-25 16:00:42'),
(159, 155011, 468, 1, 'Kobe', '2026-01-12', '2026-03-27', 3, '-', 'Mill & Kiln project', 0, 2, 'プラント構成機器の3Dモデル作成、計画図・製作図作成', 'Takahiro Aoki', '+81-(0)80-4153-7433', '+81-(0)78-682-5539', 'Mr. T. Kurosumi', '(81-78-682-5202/Ext. 7-20-81101)', 'Mr. H. Kanari', '(81-78-682-5072/Ext. 7-30-33217)', '企画本部　人事労務総括部　人事総務部　人事総務一課', '富田　彩実（トミタ　アヤミ）　', '078-682-5202', '2025-09-25 14:52:54', 1, '2025-09-25 16:00:37'),
(160, 205028, 404, 1, 'Kobe factory', '2026-01-05', '2026-03-27', 3, '6311054/63', 'Kenou-kennan/Takarazuka/Kurume/Sanda/Awaji/Estimation', 0, 7, '国内向け廃棄物焼却設備の設計図面作成', 'Jun Toshihiro', '+81-(0)78-682-5084', '+81-(0)78-682-5433', 'Mr. T. Asano', '(81-78-682-5202/Ext. 7-20-81101)', 'Mr. H. Kanari', '(81-78-682-5072/Ext. 7-30-33217)', '企画本部　人事労務総括部　人事総務部　人事総務一課', '富田　彩実（トミタ　アヤミ）　', '078-682-5202', '2025-09-25 18:57:26', 1, '2025-09-26 17:47:29'),
(161, 195024, 426, 1, 'Kobe', '2026-01-05', '2026-03-27', 3, '6122020', 'KCFB PJ', 0, 1, '2D製作図面作図業務', 'S. Tabata', '+81-(0)78-682-5039', '+81-(0)78-682-5041', 'Mr. T. Kurosumi', '(81-78-682-5202/Ext. 7-20-81101)', 'Mr. H. Kanari', '(81-78-682-5072/Ext. 7-30-33217)', '企画本部　人事労務総括部　人事総務部　人事総務一課', '富田　彩実（トミタ　アヤミ）　', '078-682-5202', '2025-09-29 12:32:03', 1, '2025-09-29 13:05:46'),
(162, 195024, 454, 1, 'Kobe', '2026-01-05', '2026-03-27', 3, '63F2452', 'Sanda PJ', 0, 1, '2D製作図面作図及び3Dモデル作成業務', 'S. Tabata', '+81-(0)78-682-5039', '+81-(0)78-682-5041', 'Mr. T. Kurosumi', '(81-78-682-5202/Ext. 7-20-81101)', 'Mr. H. Kanari', '(81-78-682-5072/Ext. 7-30-33217)', '企画本部　人事労務総括部　人事総務部　人事総務一課', '富田　彩実（トミタ　アヤミ）　', '078-682-5202', '2025-09-29 12:37:40', 1, '2025-09-29 13:05:35'),
(163, 75006, 302, 1, 'Kobe', '2026-01-05', '2026-03-27', 3, '61W2283-89', 'STANDARDIZATION KOBE', 0, 6, '各種プラントの電気計装設計', 'S. Oka', '+81-(0)78-682-5252', '+81-(0)78-682-5542', 'Mr. T. Asano', '(81-78-682-5202/Ext. 7-20-81101)', 'Mr. H. Kanari', '(81-78-682-5072/Ext. 7-30-33217)', '企画本部　人事労務総括部　人事総務部　人事総務一課', '富田　彩実（トミタ　アヤミ）　', '078-682-5202', '2025-09-29 12:54:45', 1, '2025-09-29 13:05:10'),
(164, 75006, 313, 1, 'Kobe', '2026-01-05', '2026-03-27', 3, '61W2283-89', 'STANDARDIZATION KOBE', 0, 6, '各種プラントの電気計装設計', 'S. Oka', '+81-(0)78-682-5252', '+81-(0)78-682-5542', 'Mr. T. Asano', '(81-78-682-5202/Ext. 7-20-81101)', 'Mr. H. Kanari', '(81-78-682-5072/Ext. 7-30-33217)', '企画本部　人事労務総括部　人事総務部　人事総務一課', '富田　彩実（トミタ　アヤミ）　', '078-682-5202', '2025-09-29 12:57:20', 1, '2025-09-29 13:04:50'),
(165, 75006, 525, 1, 'Kobe', '2026-01-05', '2026-03-27', 3, '61W2283-89', 'STANDARDIZATION KOBE', 0, 6, '各種プラントの電気計装設計', 'S. Oka', '+81-(0)78-682-5252', '+81-(0)78-682-5542', 'Mr. T. Asano', '(81-78-682-5202/Ext. 7-20-81101)', 'Mr. H. Kanari', '(81-78-682-5072/Ext. 7-30-33217)', '企画本部　人事労務総括部　人事総務部　人事総務一課', '富田　彩実（トミタ　アヤミ）　', '078-682-5202', '2025-09-29 12:58:58', 1, '2025-09-29 13:04:41'),
(166, 205028, 438, 1, 'Kobe factory', '2026-01-05', '2026-03-27', 3, '6311054/63', 'Kenou-kennan/Takarazuka/Kurume/Sanda/Awaji/Estimation', 0, 7, '国内向け廃棄物焼却設備の設計図面作成', 'Jun Toshihiro', '+81-(0)78-682-5084', '+81-(0)78-682-5433', 'Mr. T. Kurosumi', '(81-78-682-5202/Ext. 7-20-81101)', 'Mr. H. Kanari', '(81-78-682-5072/Ext. 7-30-33217)', '企画本部　人事労務総括部　人事総務部　人事総務一課', '富田　彩実（トミタ　アヤミ）　', '078-682-5202', '2025-09-29 17:00:45', 1, '2025-09-30 16:30:36'),
(167, 205028, 516, 1, 'Kobe factory', '2026-01-05', '2026-03-27', 3, '6311054/63', 'Kenou-kennan/Takarazuka/Kurume/Sanda/Awaji/Estimation', 0, 7, '国内向け廃棄物焼却設備の設計図面作成', 'Jun Toshihiro', '+81-(0)78-682-5084', '+81-(0)78-682-5433', 'Mr. T. Kurosumi', '(81-78-682-5202/Ext. 7-20-81101)', 'Mr. H. Kanari', '(81-78-682-5072/Ext. 7-30-33217)', '企画本部　人事労務総括部　人事総務部　人事総務一課', '富田　彩実（トミタ　アヤミ）　', '078-682-5202', '2025-09-29 17:03:28', 1, '2025-09-30 16:30:43'),
(168, 205028, 367, 1, 'Kobe factory', '2026-01-05', '2026-03-27', 3, '6311054/63', 'Kenou-kennan/Takarazuka/Kurume/Sanda/Awaji/Estimation', 0, 7, '国内向け廃棄物焼却設備の設計図面作成', 'Jun Toshihiro', '+81-(0)78-682-5084', '+81-(0)78-682-5433', 'Mr. T. Kurosumi', '(81-78-682-5202/Ext. 7-20-81101)', 'Mr. H. Kanari', '(81-78-682-5072/Ext. 7-30-33217)', '企画本部　人事労務総括部　人事総務部　人事総務一課', '富田　彩実（トミタ　アヤミ）　', '078-682-5202', '2025-09-29 17:05:42', 1, '2025-09-30 16:30:49'),
(169, 205028, 420, 1, 'Kobe factory', '2026-01-05', '2026-03-27', 3, '6311054/63', 'Kenou-kennan/Takarazuka/Kurume/Sanda/Awaji/Estimation', 0, 7, '国内向け廃棄物焼却設備の設計図面作成', 'Jun Toshihiro', '+81-(0)78-682-5084', '+81-(0)78-682-5433', 'Mr. T. Kurosumi', '(81-78-682-5202/Ext. 7-20-81101)', 'Mr. H. Kanari', '(81-78-682-5072/Ext. 7-30-33217)', '企画本部　人事労務総括部　人事総務部　人事総務一課', '富田　彩実（トミタ　アヤミ）　', '078-682-5202', '2025-09-29 17:07:31', 1, '2025-09-30 16:30:56'),
(170, 205028, 462, 1, 'Kobe factory', '2026-01-05', '2026-03-27', 3, '6311054/63', 'Kenou-kennan/Takarazuka/Kurume/Sanda/Awaji/Estimation', 0, 7, '国内向け廃棄物焼却設備の設計図面作成', 'Jun Toshihiro', '+81-(0)78-682-5084', '+81-(0)78-682-5433', 'Mr. T. Kurosumi', '(81-78-682-5202/Ext. 7-20-81101)', 'Mr. H. Kanari', '(81-78-682-5072/Ext. 7-30-33217)', '企画本部　人事労務総括部　人事総務部　人事総務一課', '富田　彩実（トミタ　アヤミ）　', '078-682-5202', '2025-09-29 17:09:21', 1, '2025-09-30 16:31:02'),
(171, 205028, 500, 1, 'Kobe factory', '2026-01-05', '2026-03-27', 3, '6311054/63', 'Kenou-kennan/Takarazuka/Kurume/Sanda/Awaji/Estimation', 0, 7, '国内向け廃棄物焼却設備の設計図面作成', 'Jun Toshihiro', '+81-(0)78-682-5084', '+81-(0)78-682-5433', 'Mr. T. Kurosumi', '(81-78-682-5202/Ext. 7-20-81101)', 'Mr. H. Kanari', '(81-78-682-5072/Ext. 7-30-33217)', '企画本部　人事労務総括部　人事総務部　人事総務一課', '富田　彩実（トミタ　アヤミ）　', '078-682-5202', '2025-09-29 17:13:04', 1, '2025-09-30 16:31:08'),
(172, 205028, 463, 1, 'Kobe factory', '2026-01-05', '2026-03-27', 3, '6311054/63', 'Kenou-kennan/Takarazuka/Kurume/Sanda/Awaji/Estimation', 0, 7, '国内向け廃棄物焼却設備の設計図面作成', 'Jun Toshihiro', '+81-(0)78-682-5084', '+81-(0)78-682-5433', 'Mr. T. Kurosumi', '(81-78-682-5202/Ext. 7-20-81101)', 'Mr. H. Kanari', '(81-78-682-5072/Ext. 7-30-33217)', '企画本部　人事労務総括部　人事総務部　人事総務一課', '富田　彩実（トミタ　アヤミ）　', '078-682-5202', '2025-09-29 17:14:21', 1, '2025-09-30 16:31:14'),
(173, 255005, 252, 1, 'Kobe', '2026-01-26', '2026-04-24', 3, '51A1A11-EC', 'Liquefied Hydrogen_Receiving plant', 0, 4, '鉄骨構造物の設計', 'Kenichi Iikawa', '+81-(0)786825217', '+81-(0)', 'Mr. T. Kurosumi', '(81-78-682-5202/Ext. 7-20-81101)', 'Mr. H. Kanari', '(81-78-682-5072/Ext. 7-30-33217)', '企画本部　人事労務総括部　人事総務部　人事総務一課', '富田　彩実（トミタ　アヤミ）　', '078-682-5202', '2025-09-30 07:30:02', 1, '2025-09-30 16:31:21'),
(174, 255005, 522, 1, 'Kobe', '2026-01-26', '2026-04-24', 3, '51A1A11-EC', 'Liquefied Hydrogen_ Receiving plant', 0, 4, '鉄骨構造物の設計', 'Kenichi Iikawa', '+81-(0)786825217', '+81-(0)', 'Mr. T. Kurosumi', '(81-78-682-5202/Ext. 7-20-81101)', 'Mr. H. Kanari', '(81-78-682-5072/Ext. 7-30-33217)', '企画本部　人事労務総括部　人事総務部　人事総務一課', '富田　彩実（トミタ　アヤミ）　', '078-682-5202', '2025-09-30 07:38:30', 1, '2025-09-30 16:31:28'),
(175, 255024, 444, 1, 'Kobe', '2026-01-26', '2026-04-24', 3, ' 51A1A11-E', 'Liquefied Hydrogen_ Receiving plant', 0, 4, '鉄骨構造物の設計', 'Kenichi Iikawa', '+81-(0)786825217', '+81-(0)', 'Mr. T. Kurosumi', '(81-78-682-5202/Ext. 7-20-81101)', 'Mr. H. Kanari', '(81-78-682-5072/Ext. 7-30-33217)', '企画本部　人事労務総括部　人事総務部　人事総務一課', '富田　彩実（トミタ　アヤミ）　', '078-682-5202', '2025-09-30 07:38:36', 1, '2025-09-30 16:31:44'),
(176, 205039, 387, 1, 'Kobe', '2026-01-05', '2026-03-27', 3, '61W2202', 'Estimation job / Training', 0, 9, '国内向け搬送製品の図面、3Dモデル作成', 'Jun Kohnoki', '+81-(0)78-682-5266', '+81-(0)78-682-5585', 'Mr. T. Kurosumi', '(81-78-682-5202/Ext. 7-20-81101)', 'Mr. H. Kanari', '(81-78-682-5072/Ext. 7-30-33217)', '企画本部　人事労務総括部　人事総務部　人事総務一課', '富田　彩実（トミタ　アヤミ）　', '078-682-5202', '2025-09-30 16:20:29', 1, '2025-09-30 16:31:52'),
(177, 205039, 490, 1, 'Kobe', '2026-01-05', '2026-03-27', 3, '61W2202', 'Estimation job / Training', 0, 9, '国内向け搬送製品の図面、3Dモデル作成', 'Jun Kohnoki', '+81-(0)78-682-5266', '+81-(0)78-682-5585', 'Mr. T. Kurosumi', '(81-78-682-5202/Ext. 7-20-81101)', 'Mr. H. Kanari', '(81-78-682-5072/Ext. 7-30-33217)', '企画本部　人事労務総括部　人事総務部　人事総務一課', '富田　彩実（トミタ　アヤミ）　', '078-682-5202', '2025-09-30 16:29:39', 1, '2025-09-30 16:31:59'),
(178, 205039, 495, 1, 'Kobe', '2026-01-05', '2026-03-27', 3, '61W2202', 'Estimation job / Training', 0, 9, '国内向け搬送製品の図面、3Dモデル作成', 'Jun Kohnoki', '+81-(0)78-682-5266', '+81-(0)78-682-5585', 'Mr. T. Kurosumi', '(81-78-682-5202/Ext. 7-20-81101)', 'Mr. H. Kanari', '(81-78-682-5072/Ext. 7-30-33217)', '企画本部　人事労務総括部　人事総務部　人事総務一課', '富田　彩実（トミタ　アヤミ）　', '078-682-5202', '2025-09-30 16:32:39', 1, '2025-09-30 16:49:48'),
(179, 205039, 427, 1, 'Kobe', '2026-01-05', '2026-03-27', 3, '61W2202', 'Estimation job / Training', 0, 9, '国内向け搬送製品の図面、3Dモデル作成', 'Jun Kohnoki', '+81-(0)78-682-5266', '+81-(0)78-682-5585', 'Mr. T. Kurosumi', '(81-78-682-5202/Ext. 7-20-81101)', 'Mr. H. Kanari', '(81-78-682-5072/Ext. 7-30-33217)', '企画本部　人事労務総括部　人事総務部　人事総務一課', '富田　彩実（トミタ　アヤミ）　', '078-682-5202', '2025-09-30 16:34:40', 1, '2025-09-30 16:49:53'),
(180, 205039, 491, 1, 'Kobe', '2026-01-05', '2026-03-27', 3, '61W2202', 'Estimation job / Training', 0, 9, '国内向け搬送製品の図面、3Dモデル作成', 'Jun Kohnoki', '+81-(0)78-682-5266', '+81-(0)78-682-5585', 'Mr. T. Kurosumi', '(81-78-682-5202/Ext. 7-20-81101)', 'Mr. H. Kanari', '(81-78-682-5072/Ext. 7-30-33217)', '企画本部　人事労務総括部　人事総務部　人事総務一課', '富田　彩実（トミタ　アヤミ）　', '078-682-5202', '2025-09-30 16:42:01', 1, '2025-09-30 16:49:58'),
(181, 205039, 492, 1, 'Kobe', '2026-01-05', '2026-03-27', 3, '61W2202', 'Estimation job / Training', 0, 9, '国内向け搬送製品の図面、3Dモデル作成', 'Jun Kohnoki', '+81-(0)78-682-5266', '+81-(0)78-682-5585', 'Mr. T. Kurosumi', '(81-78-682-5202/Ext. 7-20-81101)', 'Mr. H. Kanari', '(81-78-682-5072/Ext. 7-30-33217)', '企画本部　人事労務総括部　人事総務部　人事総務一課', '富田　彩実（トミタ　アヤミ）　', '078-682-5202', '2025-09-30 16:43:57', 1, '2025-09-30 16:50:02'),
(182, 205039, 532, 1, 'Kobe', '2026-01-05', '2026-03-27', 3, '61W2202', 'Estimation job / Training', 0, 9, '国内向け搬送製品の図面、3Dモデル作成', 'Jun Kohnoki', '+81-(0)78-682-5266', '+81-(0)78-682-5585', 'Mr. T. Kurosumi', '(81-78-682-5202/Ext. 7-20-81101)', 'Mr. H. Kanari', '(81-78-682-5072/Ext. 7-30-33217)', '企画本部　人事労務総括部　人事総務部　人事総務一課', '富田　彩実（トミタ　アヤミ）　', '078-682-5202', '2025-09-30 17:38:40', 1, '2025-09-30 17:41:12'),
(183, 205039, 530, 1, 'Kobe', '2026-01-05', '2026-03-27', 3, '61W2202', 'Estimation job / Training', 0, 9, '国内向け搬送製品の図面、3Dモデル作成', 'Jun Kohnoki', '+81-(0)78-682-5266', '+81-(0)78-682-5585', 'Mr. T. Kurosumi', '(81-78-682-5202/Ext. 7-20-81101)', 'Mr. H. Kanari', '(81-78-682-5072/Ext. 7-30-33217)', '企画本部　人事労務総括部　人事総務部　人事総務一課', '富田　彩実（トミタ　アヤミ）　', '078-682-5202', '2025-09-30 17:41:47', 1, '2025-09-30 17:52:45'),
(184, 95017, 330, 1, 'Kobe', '2026-01-05', '2026-06-19', 1, '6311058-P5', 'Kurume', 0, 11, 'ごみ焼却プラントの配管設計業務', 'Hirofumi Kuroda', '+81-(0)78-682-5233', '+81-(0)78-682-5244', 'Mr. T. Kurosumi', '(81-78-682-5202/Ext. 7-20-81101)', 'Mr. H. Kanari', '(81-78-682-5072/Ext. 7-30-33217)', '企画本部　人事労務総括部　人事総務部　人事総務一課', '富田　彩実（トミタ　アヤミ）　', '078-682-5202', '2025-10-03 16:01:02', 1, '2025-10-06 05:58:12'),
(185, 95017, 306, 1, 'Kobe', '2026-01-05', '2026-06-19', 1, '6311058-P5', 'Kurume', 0, 11, 'ごみ焼却プラントの配管設計業務', 'Hirofumi Kuroda', '+81-(0)78-682-5233', '+81-(0)78-682-5244', 'Mr. T. Kurosumi', '(81-78-682-5202/Ext. 7-20-81101)', 'Mr. H. Kanari', '(81-78-682-5072/Ext. 7-30-33217)', '企画本部　人事労務総括部　人事総務部　人事総務一課', '富田　彩実（トミタ　アヤミ）　', '078-682-5202', '2025-10-03 16:05:36', 1, '2025-10-06 05:58:00'),
(186, 75006, 173, 1, 'Kobe', '2026-01-05', '2026-03-27', 3, '61W2283-89', 'STANDARDIZATION KOBE', 0, 6, '各種プラントの電気計装設計', 'S. Oka', '+81-(0)78-682-5252', '+81-(0)78-682-5542', 'Mr. T. Asano', '(81-78-682-5202/Ext. 7-20-81101)', 'Mr. H. Kanari', '(81-78-682-5072/Ext. 7-30-33217)', '企画本部　人事労務総括部　人事総務部　人事総務一課', '富田　彩実（トミタ　アヤミ）　', '078-682-5202', '2025-10-10 08:02:31', 1, '2025-10-10 08:42:22'),
(187, 95017, 501, 1, 'Kobe', '2026-01-26', '2026-04-24', 1, '6311058-P5', 'Kurume', 0, 11, 'ごみ焼却プラントの配管設計業務', 'Hirofumi Kuroda', '+81-(0)78-682-5233', '+81-(0)78-682-5244', 'Mr. T. Kurosumi', '(81-78-682-5202/Ext. 7-20-81101)', 'Mr. H. Kanari', '(81-78-682-5072/Ext. 7-30-33217)', '企画本部　人事労務総括部　人事総務部　人事総務一課', '富田　彩実（トミタ　アヤミ）　', '078-682-5202', '2025-10-20 09:54:59', 1, '2025-10-20 10:02:05'),
(188, 95017, 447, 1, 'Kobe', '2026-01-26', '2026-06-19', 1, '6311059-P5', 'Sanda', 0, 11, 'ごみ焼却プラントの配管設計業務', 'Hirofumi Kuroda', '+81-(0)78-682-5233', '+81-(0)78-682-5244', 'Mr. T. Kurosumi', '(81-78-682-5202/Ext. 7-20-81101)', 'Mr. H. Kanari', '(81-78-682-5072/Ext. 7-30-33217)', '企画本部　人事労務総括部　人事総務部　人事総務一課', '富田　彩実（トミタ　アヤミ）　', '078-682-5202', '2025-10-20 09:57:59', 1, '2025-10-20 10:02:00'),
(189, 95017, 305, 1, 'Kobe', '2026-01-26', '2026-06-19', 1, '6311059-P5', 'Sanda', 0, 11, 'ごみ焼却プラントの配管設計業務', 'Hirofumi Kuroda', '+81-(0)78-682-5233', '+81-(0)78-682-5244', 'Mr. T. Kurosumi', '(81-78-682-5202/Ext. 7-20-81101)', 'Mr. H. Kanari', '(81-78-682-5072/Ext. 7-30-33217)', '企画本部　人事労務総括部　人事総務部　人事総務一課', '富田　彩実（トミタ　アヤミ）　', '078-682-5202', '2025-10-20 10:00:00', 1, '2025-10-20 10:01:55'),
(190, 95017, 450, 1, 'Kobe', '2026-01-26', '2026-06-19', 1, '6311059-P5', 'Sanda', 0, 11, 'ごみ焼却プラントの配管設計業務', 'Hirofumi Kuroda', '+81-(0)78-682-5233', '+81-(0)78-682-5244', 'Mr. T. Kurosumi', '(81-78-682-5202/Ext. 7-20-81101)', 'Mr. H. Kanari', '(81-78-682-5072/Ext. 7-30-33217)', '企画本部　人事労務総括部　人事総務部　人事総務一課', '富田　彩実（トミタ　アヤミ）　', '078-682-5202', '2025-10-20 10:01:22', 1, '2025-10-20 10:01:49'),
(191, 95017, 508, 1, 'Kobe', '2026-01-26', '2026-06-19', 1, '6311059-P5', 'Sanda', 0, 11, 'ごみ焼却プラントの配管設計業務', 'Hirofumi Kuroda', '+81-(0)78-682-5233', '+81-(0)78-682-5244', 'Mr. T. Kurosumi', '(81-78-682-5202/Ext. 7-20-81101)', 'Mr. H. Kanari', '(81-78-682-5072/Ext. 7-30-33217)', '企画本部　人事労務総括部　人事総務部　人事総務一課', '富田　彩実（トミタ　アヤミ）　', '078-682-5202', '2025-10-20 10:02:58', 1, '2025-10-20 10:04:32'),
(192, 95017, 357, 1, 'Kobe', '2026-01-26', '2026-04-24', 1, '51A1A11-P5', 'Hydrogen Supply Chain', 0, 11, '水素基地の配管設計業務', 'Hirofumi Kuroda', '+81-(0)78-682-5233', '+81-(0)78-682-5244', 'Mr. T. Kurosumi', '(81-78-682-5202/Ext. 7-20-81101)', 'Mr. H. Kanari', '(81-78-682-5072/Ext. 7-30-33217)', '企画本部　人事労務総括部　人事総務部　人事総務一課', '富田　彩実（トミタ　アヤミ）　', '078-682-5202', '2025-10-20 10:07:03', 1, '2025-10-20 10:07:25'),
(193, 95017, 270, 1, 'Kobe', '2026-01-26', '2026-04-24', 1, '51A1A11-P5', 'Hydrogen Supply Chain', 0, 11, '水素基地の配管設計業務', 'Hirofumi Kuroda', '+81-(0)78-682-5233', '+81-(0)78-682-5244', 'Mr. T. Kurosumi', '(81-78-682-5202/Ext. 7-20-81101)', 'Mr. H. Kanari', '(81-78-682-5072/Ext. 7-30-33217)', '企画本部　人事労務総括部　人事総務部　人事総務一課', '富田　彩実（トミタ　アヤミ）　', '078-682-5202', '2025-10-20 10:11:45', 1, '2025-10-20 10:17:15'),
(194, 95017, 477, 1, 'Kobe', '2026-01-26', '2026-04-24', 1, '51A1A11-P5', 'Hydrogen Supply Chain', 0, 11, '水素基地の配管設計業務', 'Hirofumi Kuroda', '+81-(0)78-682-5233', '+81-(0)78-682-5244', 'Mr. T. Kurosumi', '(81-78-682-5202/Ext. 7-20-81101)', 'Mr. H. Kanari', '(81-78-682-5072/Ext. 7-30-33217)', '企画本部　人事労務総括部　人事総務部　人事総務一課', '富田　彩実（トミタ　アヤミ）　', '078-682-5202', '2025-10-20 10:13:10', 1, '2025-10-20 10:17:11'),
(195, 95017, 529, 1, 'Kobe', '2026-01-26', '2026-04-24', 1, '51A1A11-P5', 'Hydrogen Supply Chain', 0, 11, '水素基地の配管設計業務', 'Hirofumi Kuroda', '+81-(0)78-682-5233', '+81-(0)78-682-5244', 'Mr. T. Kurosumi', '(81-78-682-5202/Ext. 7-20-81101)', 'Mr. H. Kanari', '(81-78-682-5072/Ext. 7-30-33217)', '企画本部　人事労務総括部　人事総務部　人事総務一課', '富田　彩実（トミタ　アヤミ）　', '078-682-5202', '2025-10-20 10:24:56', 1, '2025-10-20 10:26:01'),
(196, 95017, 538, 1, 'Kobe', '2026-01-26', '2026-04-24', 1, '51A1A11-P5', 'Hydrogen Supply Chain', 0, 11, '水素基地の配管設計業務', 'Hirofumi Kuroda', '+81-(0)78-682-5233', '+81-(0)78-682-5244', 'Mr. T. Kurosumi', '(81-78-682-5202/Ext. 7-20-81101)', 'Mr. H. Kanari', '(81-78-682-5072/Ext. 7-30-33217)', '企画本部　人事労務総括部　人事総務部　人事総務一課', '富田　彩実（トミタ　アヤミ）　', '078-682-5202', '2025-10-20 10:27:58', 1, '2025-10-20 10:32:25'),
(197, 912005, 212, 1, 'sakaide', '2026-01-26', '2026-03-06', 1, '22W2271', 'Spool Drawing Customize', 0, 15, '一品図自動作成マクロ開発', 'Ryo Yasunaga', '+81-(0)877-46-8780', '+81-(0)877-46-1416', 'Mr. T. Kurosumi', '(81-78-682-5202/Ext. 7-20-81101)', 'Mr. H. Kanari', '(81-78-682-5072/Ext. 7-30-33217)', '人事労務総括部　工場労務部　坂出勤労課', '重川 忍（シゲカワ シノブ）', '0877-46-1474', '2025-10-20 16:23:15', 1, '2025-10-20 16:24:35'),
(198, 195027, 423, 1, 'Kobe', '2026-01-05', '2026-03-31', 3, '6104360', 'Plant DX Project / Inventor Content Center', 0, 14, 'プラントDXプロジェクト/Inventor環境整備におけるContent Center作成支援業務', 'Narimichi Oda', '+81-(0)78-682-5370', '+81-(0)78-682-5062', 'Mr. T. Asano', '(81-70-6567-8093/Ext. 7-30-86243)', 'Mr. H. Kanari', '(81-80-3097-4617/Ext. 7-30-33217)', '企画本部　人事労務総括部　人事総務部　人事総務一課', '古西　涼（コニシ　リョウ）　', '090-9133-3719', '2025-11-06 14:57:27', 1, '2025-11-06 15:08:16'),
(199, 216806, 260, 1, 'Yachiyo-city, Chiba-pref', '2026-01-05', '2026-04-03', 3, 'E18100029,', 'Each plant estimate and order work', 0, 13, '破砕機プラントの詳細設計', 'H. Kurita', '+81-(0)47-483-5811', '+81-(0)47-483-3733', 'Mr. T. Kurosumi', '(81-78-682-5202/Ext. 7-20-81101)', 'Mr. H. Kanari', '(81-78-682-5072/Ext. 7-30-33217)', '技術部　破砕技術二課', '栗田　大樹（クリタ　ヒロキ）　', '+81-(0)47-483-5811', '2025-12-01 12:29:06', 1, '2025-12-01 13:57:24'),
(200, 155502, 291, 1, 'Kobe', '2026-03-30', '2026-06-19', 3, '51A1PR3-P4', 'Commercialization of Hydrogen Supply Chain Project', 0, 3, '・新規プラント建設案件の設計図面、図書作成の作業補助', 'Hitoshi Sunouchi', '+81-(0)78-682-5380', '+81-(0)78-682-5535', 'Mr. T. Kurosumi', '(81-78-682-5202/Ext. 7-20-81101)', 'Mr. H. Kanari', '(81-78-682-5072/Ext. 7-30-33217)', '企画本部　人事労務総括部　人事総務部　人事総務一課', '富田　彩実（トミタ　アヤミ）　', '078-682-5202', '2026-01-07 13:41:27', 1, '2026-01-07 16:07:43'),
(201, 155502, 344, 1, 'Kobe', '2026-03-30', '2026-06-19', 3, '51A1PR3-P4', 'Commercialization of Hydrogen Supply Chain Project', 0, 3, '・新規プラント建設案件の設計図面、図書作成の作業補助', 'Hitoshi Sunouchi', '+81-(0)78-682-5380', '+81-(0)78-682-5535', 'Mr. T. Kurosumi', '(81-78-682-5202/Ext. 7-20-81101)', 'Mr. H. Kanari', '(81-78-682-5072/Ext. 7-30-33217)', '企画本部　人事労務総括部　人事総務部　人事総務一課', '富田　彩実（トミタ　アヤミ）　', '078-682-5202', '2026-01-07 13:47:08', 1, '2026-01-07 16:07:39'),
(203, 155011, 469, 1, 'Kobe', '2026-03-30', '2026-06-19', 3, '-', 'Mill & Kiln project', 0, 2, 'プラント構成機器の3Dモデル作成、計画図・製作図作成', 'Takahiro Aoki', '+81-(0)80-4153-7433', '+81-(0)78-682-5539', 'Mr. T. Kurosumi', '(81-78-682-5202/Ext. 7-20-81101)', 'Mr. H. Kanari', '(81-78-682-5072/Ext. 7-30-33217)', '企画本部　人事労務総括部　人事総務部　人事総務一課', '富田　彩実（トミタ　アヤミ）　', '078-682-5202', '2026-01-08 07:08:25', 1, '2026-01-08 08:39:59'),
(204, 155011, 209, 1, 'Kobe', '2026-03-30', '2026-06-19', 3, '-', 'Mill & Kiln project', 0, 2, 'プラント構成機器の3Dモデル作成、計画図・製作図作成', 'Takahiro Aoki', '+81-(0)80-4153-7433', '+81-(0)78-682-5539', 'Mr. T. Kurosumi', '(81-78-682-5202/Ext. 7-20-81101)', 'Mr. H. Kanari', '(81-78-682-5072/Ext. 7-30-33217)', '企画本部　人事労務総括部　人事総務部　人事総務一課', '富田　彩実（トミタ　アヤミ）　', '078-682-5202', '2026-01-08 07:11:55', 1, '2026-01-08 08:39:52'),
(206, 205028, 224, 1, 'Kobe factory', '2026-03-30', '2026-06-19', 3, '6311055/63', 'Takarazuka/Kurume/Sanda/Awaji/Estimation', 0, 7, '国内向け廃棄物焼却設備の設計図面作成', 'Jun Toshihiro', '+81-(0)78-682-5084', '+81-(0)78-682-5433', 'Mr. T. Kurosumi', '(81-78-682-5202/Ext. 7-20-81101)', 'Mr. H. Kanari', '(81-78-682-5072/Ext. 7-30-33217)', '企画本部　人事労務総括部　人事総務部　人事総務一課', '富田　彩実（トミタ　アヤミ）　', '078-682-5202', '2026-01-09 15:54:44', 1, '2026-01-09 15:55:14'),
(207, 205028, 425, 1, 'Kobe factory', '2026-03-30', '2026-06-19', 3, '6311055/63', 'Takarazuka/Kurume/Sanda/Awaji/Estimation', 0, 7, '国内向け廃棄物焼却設備の設計図面作成', 'Jun Toshihiro', '+81-(0)78-682-5084', '+81-(0)78-682-5433', 'Mr. T. Kurosumi', '(81-78-682-5202/Ext. 7-20-81101)', 'Mr. H. Kanari', '(81-78-682-5072/Ext. 7-30-33217)', '企画本部　人事労務総括部　人事総務部　人事総務一課', '富田　彩実（トミタ　アヤミ）　', '078-682-5202', '2026-01-09 15:57:41', 1, '2026-01-09 16:00:58'),
(208, 205028, 437, 1, 'Kobe factory', '2026-03-30', '2026-06-19', 3, '6311055/63', 'Takarazuka/Kurume/Sanda/Awaji/Estimation', 0, 7, '国内向け廃棄物焼却設備の設計図面作成', 'Jun Toshihiro', '+81-(0)78-682-5084', '+81-(0)78-682-5433', 'Mr. T. Kurosumi', '(81-78-682-5202/Ext. 7-20-81101)', 'Mr. H. Kanari', '(81-78-682-5072/Ext. 7-30-33217)', '企画本部　人事労務総括部　人事総務部　人事総務一課', '富田　彩実（トミタ　アヤミ）　', '078-682-5202', '2026-01-09 16:01:58', 1, '2026-01-09 16:04:40'),
(209, 205028, 429, 1, 'Kobe factory', '2026-03-30', '2026-06-19', 3, '6311055/63', 'Takarazuka/Kurume/Sanda/Awaji/Estimation', 0, 7, '国内向け廃棄物焼却設備の設計図面作成', 'Jun Toshihiro', '+81-(0)78-682-5084', '+81-(0)78-682-5433', 'Mr. T. Kurosumi', '(81-78-682-5202/Ext. 7-20-81101)', 'Mr. H. Kanari', '(81-78-682-5072/Ext. 7-30-33217)', '企画本部　人事労務総括部　人事総務部　人事総務一課', '富田　彩実（トミタ　アヤミ）　', '078-682-5202', '2026-01-09 16:03:57', 1, '2026-01-09 16:04:35'),
(210, 205028, 435, 1, 'Kobe factory', '2026-03-30', '2026-06-19', 3, '6311055/63', 'Takarazuka/Kurume/Sanda/Awaji/Estimation', 0, 7, '国内向け廃棄物焼却設備の設計図面作成', 'Jun Toshihiro', '+81-(0)78-682-5084', '+81-(0)78-682-5433', 'Mr. T. Kurosumi', '(81-78-682-5202/Ext. 7-20-81101)', 'Mr. H. Kanari', '(81-78-682-5072/Ext. 7-30-33217)', '企画本部　人事労務総括部　人事総務部　人事総務一課', '富田　彩実（トミタ　アヤミ）　', '078-682-5202', '2026-01-09 16:05:45', 1, '2026-01-09 16:06:25'),
(211, 205028, 473, 1, 'Kobe factory', '2026-03-30', '2026-06-19', 3, '6311055/63', 'Takarazuka/Kurume/Sanda/Awaji/Estimation', 0, 7, '国内向け廃棄物焼却設備の設計図面作成', 'Jun Toshihiro', '+81-(0)78-682-5084', '+81-(0)78-682-5433', 'Mr. T. Kurosumi', '(81-78-682-5202/Ext. 7-20-81101)', 'Mr. H. Kanari', '(81-78-682-5072/Ext. 7-30-33217)', '企画本部　人事労務総括部　人事総務部　人事総務一課', '富田　彩実（トミタ　アヤミ）　', '078-682-5202', '2026-01-09 16:19:09', 1, '2026-01-09 16:22:38'),
(212, 205028, 502, 1, 'Kobe factory', '2026-03-30', '2026-06-19', 3, '6311055/63', 'Takarazuka/Kurume/Sanda/Awaji/Estimation', 0, 7, '国内向け廃棄物焼却設備の設計図面作成', 'Jun Toshihiro', '+81-(0)78-682-5084', '+81-(0)78-682-5433', 'Mr. T. Kurosumi', '(81-78-682-5202/Ext. 7-20-81101)', 'Mr. H. Kanari', '(81-78-682-5072/Ext. 7-30-33217)', '企画本部　人事労務総括部　人事総務部　人事総務一課', '富田　彩実（トミタ　アヤミ）　', '078-682-5202', '2026-01-09 16:21:28', 1, '2026-01-09 16:22:43'),
(213, 205039, 489, 1, 'Kobe', '2026-03-30', '2026-06-19', 3, '61W2202', 'Estimation job / Training', 0, 9, '国内向け搬送製品の図面、3Dモデル作成\n', 'Jun Kohnoki', '+81-(0)78-682-5266', '+81-(0)78-682-5585', 'Mr. T. Kurosumi', '(81-78-682-5202/Ext. 7-20-81101)', 'Mr. H. Kanari', '(81-78-682-5072/Ext. 7-30-33217)', '企画本部　人事労務総括部　人事総務部　人事総務一課', '富田　彩実（トミタ　アヤミ）　', '078-682-5202', '2026-01-09 16:59:28', 1, '2026-01-09 17:19:25'),
(214, 205039, 377, 1, 'Kobe', '2026-03-30', '2026-09-18', 3, '61W2202', 'Estimation job / Training', 0, 9, '国内向け搬送製品の図面、3Dモデル作成\n', 'Jun Kohnoki', '+81-(0)78-682-5266', '+81-(0)78-682-5585', 'Mr. T. Kurosumi', '(81-78-682-5202/Ext. 7-20-81101)', 'Mr. H. Kanari', '(81-78-682-5072/Ext. 7-30-33217)', '企画本部　人事労務総括部　人事総務部　人事総務一課', '富田　彩実（トミタ　アヤミ）　', '078-682-5202', '2026-01-09 17:00:57', 1, '2026-01-09 17:19:21'),
(215, 205039, 496, 1, 'Kobe', '2026-03-30', '2026-06-19', 3, '61W2202', 'Estimation job / Training', 0, 9, '国内向け搬送製品の図面、3Dモデル作成\n', 'Jun Kohnoki', '+81-(0)78-682-5266', '+81-(0)78-682-5585', 'Mr. T. Kurosumi', '(81-78-682-5202/Ext. 7-20-81101)', 'Mr. H. Kanari', '(81-78-682-5072/Ext. 7-30-33217)', '企画本部　人事労務総括部　人事総務部　人事総務一課', '富田　彩実（トミタ　アヤミ）　', '078-682-5202', '2026-01-09 17:02:10', 1, '2026-01-09 17:19:13'),
(216, 205039, 387, 1, 'Kobe', '2026-03-28', '2026-06-19', 3, '61W2202', 'Estimation job / Training', 0, 9, '国内向け搬送製品の図面、3Dモデル作成\n', 'Jun Kohnoki', '+81-(0)78-682-5266', '+81-(0)78-682-5585', 'Mr. T. Kurosumi', '(81-78-682-5202/Ext. 7-20-81101)', 'Mr. H. Kanari', '(81-78-682-5072/Ext. 7-30-33217)', '企画本部　人事労務総括部　人事総務部　人事総務一課', '富田　彩実（トミタ　アヤミ）　', '078-682-5202', '2026-01-09 17:04:14', 1, '2026-01-09 17:19:09'),
(217, 205039, 381, 1, 'Kobe', '2026-03-30', '2026-09-18', 3, '61W2202', 'Estimation job / Training', 0, 9, '国内向け搬送製品の図面、3Dモデル作成\n', 'Jun Kohnoki', '+81-(0)78-682-5266', '+81-(0)78-682-5585', 'Mr. T. Kurosumi', '(81-78-682-5202/Ext. 7-20-81101)', 'Mr. H. Kanari', '(81-78-682-5072/Ext. 7-30-33217)', '企画本部　人事労務総括部　人事総務部　人事総務一課', '富田　彩実（トミタ　アヤミ）　', '078-682-5202', '2026-01-09 17:05:37', 1, '2026-01-09 17:19:05'),
(218, 205039, 478, 1, 'Kobe', '2026-03-30', '2026-09-18', 3, '61W2202', 'Estimation job / Training', 0, 9, '国内向け搬送製品の図面、3Dモデル作成\n', 'Jun Kohnoki', '+81-(0)78-682-5266', '+81-(0)78-682-5585', 'Mr. T. Kurosumi', '(81-78-682-5202/Ext. 7-20-81101)', 'Mr. H. Kanari', '(81-78-682-5072/Ext. 7-30-33217)', '企画本部　人事労務総括部　人事総務部　人事総務一課', '富田　彩実（トミタ　アヤミ）　', '078-682-5202', '2026-01-09 17:07:22', 1, '2026-01-09 17:19:00'),
(219, 205039, 494, 1, 'Kobe', '2026-03-30', '2026-06-19', 3, '61W2202', 'Estimation job / Training', 0, 9, '国内向け搬送製品の図面、3Dモデル作成\n', 'Jun Kohnoki', '+81-(0)78-682-5266', '+81-(0)78-682-5585', 'Mr. T. Kurosumi', '(81-78-682-5202/Ext. 7-20-81101)', 'Mr. H. Kanari', '(81-78-682-5072/Ext. 7-30-33217)', '企画本部　人事労務総括部　人事総務部　人事総務一課', '富田　彩実（トミタ　アヤミ）　', '078-682-5202', '2026-01-09 17:08:48', 1, '2026-01-09 17:18:55'),
(220, 205039, 396, 1, 'Kobe', '2026-03-30', '2026-06-19', 3, '61W2202', 'Estimation job / Training', 0, 9, '国内向け搬送製品の図面、3Dモデル作成\n', 'Jun Kohnoki', '+81-(0)78-682-5266', '+81-(0)78-682-5585', 'Mr. T. Kurosumi', '(81-78-682-5202/Ext. 7-20-81101)', 'Mr. H. Kanari', '(81-78-682-5072/Ext. 7-30-33217)', '企画本部　人事労務総括部　人事総務部　人事総務一課', '富田　彩実（トミタ　アヤミ）　', '078-682-5202', '2026-01-09 17:10:03', 1, '2026-01-09 17:18:51'),
(221, 205028, 534, 1, 'Kobe factory', '2026-03-30', '2026-06-19', 3, '6311055/63', 'Takarazuka/Kurume/Sanda/Awaji/Estimation', 0, 7, '国内向け廃棄物焼却設備の設計図面作成', 'Jun Toshihiro', '+81-(0)78-682-5084', '+81-(0)78-682-5433', 'Mr. T. Kurosumi', '(81-78-682-5202/Ext. 7-20-81101)', 'Mr. H. Kanari', '(81-78-682-5072/Ext. 7-30-33217)', '企画本部　人事労務総括部　人事総務部　人事総務一課', '富田　彩実（トミタ　アヤミ）　', '078-682-5202', '2026-01-09 18:57:34', 1, '2026-01-12 07:52:57'),
(222, 205028, 420, 1, 'Kobe factory', '2026-03-28', '2026-06-19', 3, '6311055/63', 'Takarazuka/Kurume/Sanda/Awaji/Estimation', 0, 7, '国内向け廃棄物焼却設備の設計図面作成', 'Jun Toshihiro', '+81-(0)78-682-5084', '+81-(0)78-682-5433', 'Mr. T. Kurosumi', '(81-78-682-5202/Ext. 7-20-81101)', 'Mr. H. Kanari', '(81-78-682-5072/Ext. 7-30-33217)', '企画本部　人事労務総括部　人事総務部　人事総務一課', '富田　彩実（トミタ　アヤミ）　', '078-682-5202', '2026-01-09 19:05:25', 1, '2026-01-12 07:53:06'),
(223, 75006, 439, 1, 'Kobe', '2026-05-11', '2026-08-07', 3, '31W2502-89', 'Business Efficiency Improvement Utilizing DX', 0, 6, 'DXを活用した業務効率改善', 'S. Oka', '+81-(0)78-682-5252', '+81-(0)78-682-5542', 'Mr. T. Asano', '(81-78-682-5202/Ext. 7-20-81101)', 'Mr. H. Kanari', '(81-78-682-5072/Ext. 7-30-33217)', '企画本部　人事労務総括部　人事総務部　人事総務一課', '富田　彩実（トミタ　アヤミ）　', '078-682-5202', '2026-01-30 15:36:21', 1, '2026-02-03 11:07:00'),
(224, 195039, 515, 1, 'Kobe', '2026-04-06', '2026-06-19', 3, '51A1A11-P4', 'Commercialization of Hydrogen Supply Chain Project', 0, 3, '国内外化学・水素プラントの基本設計、詳細設計', 'Hitoshi Sunouchi', '+81-(0)78-682-5380', '+81-(0)78-682-5535', 'Mr. T. Kurosumi', '(81-78-682-5202/Ext. 7-20-81101)', 'Mr. H. Kanari', '(81-78-682-5072/Ext. 7-30-33217)', '企画本部　人事労務総括部　人事総務部　人事総務一課', '富田　彩実（トミタ　アヤミ）　', '078-682-5202', '2026-02-09 09:13:10', 1, '2026-02-09 09:17:37'),
(225, 75006, 313, 1, 'Kobe', '2026-05-11', '2026-08-07', 3, '61W2283-89', 'STANDARDIZATION KOBE', 0, 6, '各種プラントの電気計装設計', 'S. Oka', '+81-(0)78-682-5252', '+81-(0)78-682-5542', 'Mr. T. Asano', '(81-78-682-5202/Ext. 7-20-81101)', 'Mr. H. Kanari', '(81-78-682-5072/Ext. 7-30-33217)', '企画本部　人事労務総括部　人事総務部　人事総務一課', '富田　彩実（トミタ　アヤミ）　', '078-682-5202', '2026-02-09 12:53:08', 1, '2026-02-09 14:05:08'),
(226, 75006, 407, 1, 'Kobe', '2026-05-11', '2026-08-07', 3, '61W2283-89', 'STANDARDIZATION KOBE', 0, 6, '各種プラントの電気計装設計', 'S. Oka', '+81-(0)78-682-5252', '+81-(0)78-682-5542', 'Mr. T. Asano', '(81-78-682-5202/Ext. 7-20-81101)', 'Mr. H. Kanari', '(81-78-682-5072/Ext. 7-30-33217)', '企画本部　人事労務総括部　人事総務部　人事総務一課', '富田　彩実（トミタ　アヤミ）　', '078-682-5202', '2026-02-09 12:55:45', 1, '2026-02-09 14:05:03'),
(227, 75006, 526, 1, 'Kobe', '2026-05-11', '2026-08-07', 3, '61W2283-89', 'STANDARDIZATION KOBE', 0, 6, '各種プラントの電気計装設計', 'S. Oka', '+81-(0)78-682-5252', '+81-(0)78-682-5542', 'Mr. T. Asano', '(81-78-682-5202/Ext. 7-20-81101)', 'Mr. H. Kanari', '(81-78-682-5072/Ext. 7-30-33217)', '企画本部　人事労務総括部　人事総務部　人事総務一課', '富田　彩実（トミタ　アヤミ）　', '078-682-5202', '2026-02-09 12:59:17', 1, '2026-02-09 14:04:59'),
(228, 255024, 382, 1, 'Kobe', '2026-05-11', '2026-08-07', 3, '51A1F11-EC', 'Liquefied Hydrogen Liquefaction plant', 0, 4, '鉄骨架構設計業務', 'Kenichi Iikawa', '+81-(0)8099473003', '+81-(0)', 'Mr. T. Kurosumi', '(81-78-682-5202/Ext. 7-20-81101)', 'Mr. H. Kanari', '(81-78-682-5072/Ext. 7-30-33217)', '企画本部　人事労務総括部　人事総務部　人事総務一課', '富田　彩実（トミタ　アヤミ）　', '078-682-5202', '2026-02-10 16:05:15', 1, '2026-02-11 08:19:45'),
(229, 255024, 383, 1, 'Kobe', '2026-05-11', '2026-08-07', 3, '51A1F11-EC', 'Liquefied Hydrogen Liquefaction plant', 0, 4, '鉄骨架構設計業務', 'Kenichi Iikawa', '+81-(0)8099473003', '+81-(0)', 'Mr. T. Kurosumi', '(81-78-682-5202/Ext. 7-20-81101)', 'Mr. H. Kanari', '(81-78-682-5072/Ext. 7-30-33217)', '企画本部　人事労務総括部　人事総務部　人事総務一課', '富田　彩実（トミタ　アヤミ）　', '078-682-5202', '2026-02-10 16:08:27', 1, '2026-02-11 08:19:40'),
(230, 216806, 416, 1, 'Yachiyo-city, Chiba-pref', '2026-03-30', '2026-06-26', 3, 'E18100029', 'Each plant estimate and order work', 0, 13, '破砕機プラントの詳細設計', 'H. Kurita', '+81-(0)47-483-5811', '+81-(0)47-483-3733', 'Mr. T. Kurosumi', '(81-78-682-5202/Ext. 7-20-81101)', 'Mr. H. Kanari', '(81-78-682-5072/Ext. 7-30-33217)', '技術部　破砕技術二課', '栗田　大樹（クリタ　ヒロキ）　', '047-483-5811', '2026-02-16 10:58:48', 1, '2026-02-16 11:00:55'),
(231, 195027, 299, 1, 'Kobe Production Office Building 5F', '2026-05-11', '2026-08-07', 3, '6104360', 'Plant DX Project', 0, 1, '・AutoCAD Plant 3Dの環境構築業務。\n・P&ID作成の標準化業務。', 'S. Tabata', '+81-(0)78-682-5039', '+81-(0)78-682-5041', 'Mr. T. Kurosumi', '(81-78-682-5202/Ext. 7-20-81101)', 'Mr. H. Kanari', '(81-78-682-5072/Ext. 7-30-33217)', '企画本部　人事労務総括部　人事総務部　人事総務一課', '富田　彩実（トミタ　アヤミ）　', '078-682-5202', '2026-02-19 15:43:38', 1, '2026-02-19 16:41:22'),
(232, 195024, 480, 1, 'Kobe city', '2026-03-30', '2026-06-19', 3, 'not decide', 'standardization activity for 3D modeling', 0, 1, 'ボイラ製品の3Dモデリング及び2D図面作成業務', 'S. Tabata', '+81-(0)78-682-5039', '+81-(0)78-682-5041', 'Mr. T. Kurosumi', '(81-78-682-5202/Ext. 7-20-81101)', 'Mr. H. Kanari', '(81-78-682-5072/Ext. 7-30-33217)', '企画本部　人事労務総括部　人事総務部　人事総務一課', '富田　彩実（トミタ　アヤミ）　', '078-682-5202', '2026-02-20 14:18:33', 1, '2026-02-20 14:55:18'),
(233, 510, 212, 1, 'Kobe', '2026-03-18', '2026-04-03', 1, 'test', 'test', 0, 2, 'test', 'Takahiro Aoki', '+81-(0)80-4153-7433', '+81-(0)78-682-5539', 'Mr. T. Kurosumi', '(81-78-682-5202/Ext. 7-20-81101)', 'Mr. H. Kanari', '(81-78-682-5072/Ext. 7-30-33217)', '企画本部　人事労務総括部　人事総務部　人事総務一課', '富田　彩実（トミタ　アヤミ）　', '078-682-5202', '2026-03-04 13:20:49', 0, '2026-03-04 13:21:32'),
(234, 510, 212, 1, 'Kobe', '2026-04-08', '2026-04-09', 1, 'test', 'test', 0, 2, 'test', 'Takahiro Aoki', '+81-(0)80-4153-7433', '+81-(0)78-682-5539', 'Mr. T. Kurosumi', '(81-78-682-5202/Ext. 7-20-81101)', 'Mr. H. Kanari', '(81-78-682-5072/Ext. 7-30-33217)', '企画本部　人事労務総括部　人事総務部　人事総務一課', '富田　彩実（トミタ　アヤミ）　', '078-682-5202', '2026-03-04 13:25:27', 1, '2026-03-04 13:25:40');

-- --------------------------------------------------------

--
-- Table structure for table `visa_details`
--

CREATE TABLE `visa_details` (
  `visa_id` int(11) NOT NULL,
  `emp_number` int(11) NOT NULL,
  `visa_number` text NOT NULL,
  `visa_issue` date NOT NULL,
  `visa_expiry` date NOT NULL,
  `date_added` datetime NOT NULL DEFAULT current_timestamp()
) ENGINE=InnoDB DEFAULT CHARSET=utf8mb4 COLLATE=utf8mb4_general_ci;

--
-- Dumping data for table `visa_details`
--

INSERT INTO `visa_details` (`visa_id`, `emp_number`, `visa_number`, `visa_issue`, `visa_expiry`, `date_added`) VALUES
(1, 173, '23B46582', '2023-09-13', '2028-10-10', '2023-12-22 08:24:14'),
(2, 174, '23B46574', '2023-09-13', '2028-10-10', '2023-12-22 10:00:09'),
(3, 346, '23B46575', '2023-10-10', '2028-10-10', '2023-12-22 10:06:18'),
(4, 288, '23B46581', '2023-10-10', '2028-10-10', '2023-12-22 10:08:48'),
(5, 226, '23D63536', '2023-09-04', '2028-09-04', '2023-12-22 10:12:18'),
(6, 314, '23B46573', '2023-10-10', '2028-10-10', '2023-12-22 12:39:43'),
(7, 252, '23D66898', '2023-09-04', '2028-09-04', '2023-12-22 14:44:04'),
(8, 383, '25J09423', '2025-01-27', '2030-01-27', '2023-12-22 14:57:36'),
(9, 215, '24E02954', '2024-01-15', '2029-01-29', '2024-01-19 07:24:39'),
(10, 299, 'P6546520B', '2024-01-09', '2029-01-08', '2024-01-19 10:51:14'),
(11, 469, '24E02955', '2024-01-29', '2029-01-28', '2024-01-22 17:30:23'),
(12, 320, '24E02950', '2024-01-29', '2029-01-29', '2024-01-23 08:30:56'),
(13, 264, '23E31906', '2023-10-10', '2028-10-09', '2024-01-23 08:42:55'),
(14, 313, '24E02948', '2024-01-29', '2029-01-28', '2024-01-23 09:59:17'),
(15, 290, '23D79642', '2023-10-10', '2028-10-10', '2024-01-23 10:08:58'),
(16, 261, '24E02951', '2024-01-29', '2029-01-29', '2024-01-23 10:18:21'),
(17, 486, '23D79644', '2023-10-10', '2028-10-10', '2024-01-23 10:32:39'),
(18, 387, '24E02949', '2024-01-29', '2029-01-29', '2024-01-23 10:44:13'),
(19, 470, '24E02957', '2024-01-29', '2029-01-29', '2024-01-23 10:52:43'),
(20, 417, '24E02947', '2024-01-29', '2029-01-29', '2024-01-23 12:10:27'),
(21, 478, '24E02956', '2024-01-29', '2029-01-29', '2024-01-23 12:18:33'),
(22, 371, '24E02946', '2024-01-29', '2029-01-29', '2024-01-23 12:28:18'),
(23, 377, '24E02953', '2024-01-29', '2029-01-23', '2024-01-23 12:39:14'),
(24, 413, '23D63541', '2023-09-04', '2028-09-04', '2024-01-23 12:49:55'),
(25, 427, '23D63540', '2023-09-04', '2028-09-04', '2024-01-23 12:56:06'),
(26, 489, '23D63539', '2023-09-04', '2028-09-04', '2024-01-23 13:00:01'),
(27, 388, '23D63542', '2023-09-04', '2028-09-04', '2024-01-23 13:05:24'),
(28, 295, '23D63537', '2023-09-04', '2028-09-04', '2024-01-23 13:09:21'),
(29, 344, '23D79643', '2023-10-10', '2028-10-10', '2024-01-29 07:48:35'),
(30, 279, '23F28592', '2023-11-27', '2028-11-27', '2024-01-29 08:23:28'),
(31, 260, '22B16247', '2022-09-05', '2027-09-05', '2024-01-29 08:28:12'),
(32, 430, '23F43930', '2024-01-04', '2029-01-09', '2024-01-29 08:30:40'),
(33, 447, '23D63533', '2023-09-04', '2028-09-04', '2024-01-29 08:46:15'),
(34, 330, '23D63531', '2023-09-04', '2028-09-04', '2024-01-29 08:47:48'),
(35, 357, '23C35735', '2023-07-24', '2029-07-24', '2024-01-29 10:05:39'),
(36, 467, '23F43926', '2024-01-09', '2029-01-09', '2024-01-29 10:28:18'),
(37, 471, '23F43934', '2024-01-09', '2029-01-09', '2024-01-29 10:29:59'),
(38, 306, '24F07925', '2024-02-12', '2029-02-12', '2024-01-29 10:32:11'),
(39, 333, '24F07924', '2024-02-12', '2029-02-12', '2024-01-29 10:34:06'),
(40, 425, '24F43925', '2024-01-09', '2029-01-09', '2024-01-29 10:36:09'),
(41, 224, '23F43922', '2024-01-09', '2029-01-09', '2024-01-29 10:37:42'),
(42, 352, '23F43927', '2024-01-09', '2029-01-09', '2024-01-29 10:39:08'),
(43, 305, '23F43924', '2024-01-09', '2029-01-09', '2024-01-29 10:40:29'),
(44, 382, '23C87167', '2024-01-15', '2029-01-15', '2024-01-29 10:41:36'),
(45, 367, '23F43929', '2024-01-09', '2029-01-09', '2024-01-29 10:44:47'),
(46, 482, '23F43933', '2024-01-09', '2029-01-29', '2024-01-29 10:46:23'),
(47, 462, '23F43935', '2024-01-09', '2029-01-09', '2024-01-29 10:47:45'),
(48, 444, '23F43936', '2024-01-09', '2029-01-09', '2024-01-29 10:49:29'),
(49, 358, '23F43931', '2024-01-09', '2029-01-09', '2024-01-29 10:50:28'),
(50, 407, '23F43932', '2024-01-09', '2029-01-09', '2024-01-29 10:51:43'),
(51, 10, '20E02198', '2020-01-15', '2030-01-15', '2024-01-29 12:06:44'),
(52, 323, '23C35738', '2023-07-24', '2028-06-24', '2024-01-29 12:15:31'),
(53, 402, '23D79649', '2023-10-10', '2028-10-10', '2024-01-29 12:17:26'),
(54, 450, '23D63532', '2023-09-04', '2028-09-04', '2024-01-29 12:19:52'),
(55, 475, '23D63534', '2023-09-04', '2028-09-04', '2024-01-29 12:21:11'),
(56, 448, '23D63529', '2023-09-04', '2028-09-04', '2024-01-29 12:25:09'),
(57, 270, '25J50040', '2025-03-06', '2030-03-06', '2024-01-29 12:28:12'),
(58, 477, '23D63528', '2023-09-04', '2028-09-04', '2024-01-29 12:29:59'),
(59, 460, '23F43928', '2024-01-09', '2028-01-09', '2024-01-29 12:45:10'),
(60, 485, '23D63526', '2023-09-04', '2028-09-04', '2024-01-29 12:49:43'),
(61, 302, '23D63535', '2023-09-04', '2028-09-04', '2024-01-29 13:09:30'),
(62, 230, '23D63538', '2023-09-04', '2028-09-04', '2024-01-29 13:48:23'),
(63, 222, '23A70643', '2023-07-24', '2028-07-24', '2024-01-29 14:29:31'),
(64, 468, '23A70644', '2023-07-24', '2028-07-24', '2024-01-29 14:33:01'),
(65, 310, '23B46604', '2023-10-23', '2028-10-23', '2024-01-29 14:37:02'),
(66, 406, '23B46578', '2023-10-23', '2028-10-23', '2024-01-29 14:43:00'),
(67, 350, '23D79645', '2023-10-10', '2028-10-10', '2024-01-29 14:50:51'),
(68, 414, '25J49410', '2025-03-06', '2030-03-06', '2024-01-29 14:55:50'),
(69, 461, '25J49413', '2025-03-06', '2030-03-06', '2024-01-29 14:59:11'),
(70, 420, '23C35733', '2023-07-24', '2028-07-24', '2024-01-29 15:02:04'),
(71, 334, '23C35729', '2023-07-24', '2028-07-24', '2024-01-29 15:11:00'),
(72, 401, '23C35728', '2023-07-24', '2028-07-24', '2024-01-29 15:14:44'),
(73, 411, '23B46576', '2023-10-10', '2028-10-10', '2024-01-30 07:35:42'),
(74, 429, '23C35730', '2023-07-24', '2028-07-24', '2024-01-31 10:29:35'),
(75, 438, '23C35732', '2023-07-24', '2028-07-24', '2024-01-31 10:31:59'),
(76, 463, '25J49414', '2025-03-06', '2030-03-06', '2024-01-31 10:35:28'),
(77, 390, '23D79648', '2023-10-10', '2028-10-10', '2024-01-31 10:40:17'),
(78, 432, '23C35731', '2023-07-24', '2028-07-24', '2024-01-31 10:43:30'),
(79, 221, '23B46580', '2023-09-13', '2028-10-10', '2024-01-31 10:51:21'),
(80, 459, '23C35734', '2023-07-24', '2028-07-24', '2024-01-31 13:30:20'),
(81, 329, '23C35737', '2023-07-24', '2028-07-24', '2024-01-31 15:11:51'),
(82, 416, '22A23780', '2022-11-07', '2027-11-07', '2024-01-31 15:21:31'),
(83, 412, '23d79646', '2023-10-10', '2028-10-10', '2024-02-05 10:41:31'),
(84, 446, '2025-LAG-00413', '2025-01-24', '2026-01-27', '2024-02-14 12:15:18'),
(85, 212, '25177156', '2025-06-27', '2030-08-27', '2024-03-18 10:57:44'),
(86, 464, '24B89389', '2024-11-04', '2029-11-04', '2024-03-18 12:18:00'),
(87, 291, '24F43456', '2024-04-10', '2029-04-10', '2024-04-03 09:46:57'),
(88, 410, '24C47301', '2024-04-10', '2029-04-10', '2024-04-03 10:02:09'),
(89, 480, '24C47302', '2024-04-10', '2029-04-10', '2024-04-03 10:08:56'),
(90, 404, '24F43459', '2024-04-10', '2029-04-10', '2024-04-03 10:28:51'),
(91, 423, '24F43457', '2024-04-10', '2029-04-10', '2024-04-03 10:34:10'),
(92, 434, '24F43458', '2024-04-10', '2029-04-10', '2024-04-03 10:38:57'),
(93, 117, '24F43460', '2024-03-15', '2029-04-10', '2024-04-03 10:57:16'),
(94, 262, '24C65229', '2024-05-07', '2029-05-07', '2024-04-26 07:45:30'),
(95, 381, '24C65234', '2024-05-07', '2029-05-07', '2024-04-26 07:55:25'),
(96, 421, '24C65233', '2024-05-07', '2029-05-07', '2024-04-26 08:36:01'),
(97, 396, '24C65235', '2024-05-07', '2029-05-07', '2024-04-26 08:40:35'),
(98, 433, '24C65231', '2024-05-07', '2029-05-07', '2024-04-26 08:47:59'),
(99, 240, '24C65230', '2024-05-13', '2029-05-13', '2024-05-07 08:25:21'),
(100, 472, '24C65236', '2024-05-13', '2029-05-13', '2024-05-07 09:16:51'),
(101, 283, '24C65232', '2024-05-13', '2029-05-13', '2024-05-07 09:33:33'),
(102, 284, '24C65238', '2024-05-13', '2029-05-13', '2024-05-07 09:39:26'),
(103, 386, '23C35736', '2023-07-24', '2028-07-24', '2024-05-10 08:27:49'),
(104, 311, '24B27515', '2024-06-07', '2029-07-01', '2024-09-26 09:16:45'),
(105, 424, '24C90343', '2024-09-02', '2029-09-02', '2024-10-14 10:23:27'),
(106, 209, '24C90341', '2024-09-02', '2029-09-02', '2024-10-14 10:42:49'),
(107, 484, '24C97642', '2024-09-23', '2029-09-23', '2024-10-14 10:59:33'),
(108, 504, '24C90347', '2024-09-23', '2029-09-23', '2024-10-14 12:16:46'),
(109, 321, '24C90342', '2024-09-02', '2029-09-02', '2024-10-14 12:38:21'),
(110, 499, '24C90348', '2024-09-23', '2029-09-23', '2024-10-15 10:08:57'),
(111, 506, '24C90345', '2024-08-14', '2029-09-23', '2024-10-16 06:41:56'),
(112, 487, '24B89388', '2024-11-04', '2029-11-04', '2024-10-31 09:43:46'),
(113, 372, '24G46899', '2025-01-06', '2030-01-06', '2025-01-16 14:35:40'),
(114, 473, '24G46904', '2025-01-06', '2030-01-06', '2025-01-16 14:37:38'),
(115, 455, 'FA5173651', '2025-12-19', '2030-01-06', '2025-01-17 07:40:41'),
(116, 435, 'FA5173653', '2024-12-19', '2030-01-06', '2025-01-17 07:49:00'),
(117, 516, 'FA5173652', '2024-12-19', '2030-01-06', '2025-01-17 09:16:08'),
(118, 356, 'FA5173648', '2024-12-19', '2030-01-06', '2025-01-17 09:46:31'),
(119, 515, 'FA5173657', '2024-12-19', '2030-01-06', '2025-01-17 10:00:28'),
(120, 507, 'fFA5173656', '2024-12-19', '2030-01-06', '2025-01-17 10:35:39'),
(121, 322, 'FA5173647', '2024-12-19', '2030-01-06', '2025-01-17 12:21:23'),
(122, 345, '24G46900', '2025-01-06', '2030-01-06', '2025-01-22 16:00:34'),
(123, 479, '24G46905', '2024-12-19', '2030-01-06', '2025-01-23 08:21:06'),
(124, 510, '25E01381', '2025-01-08', '2030-01-14', '2025-01-24 13:08:31'),
(125, 494, '25J09427', '2025-01-27', '2030-01-27', '2025-02-17 12:26:49'),
(126, 491, '25J09426', '2025-01-27', '2030-01-27', '2025-02-17 12:30:18'),
(127, 492, '25J09424', '2025-01-27', '2030-01-27', '2025-02-17 12:33:24'),
(128, 508, '25J09425', '2025-01-27', '2030-01-27', '2025-02-17 12:38:15'),
(129, 426, '25J49415', '2025-03-06', '2030-03-06', '2025-03-17 12:56:03'),
(130, 503, '25J49412', '2025-03-06', '2030-03-06', '2025-03-17 13:00:58'),
(131, 505, '25J49416', '2025-03-06', '2030-03-17', '2025-03-17 13:03:23'),
(132, 437, '24B27516', '2024-06-07', '2029-06-07', '2025-04-15 13:43:57'),
(133, 436, '24B64207', '2024-09-05', '2029-09-23', '2025-04-15 13:49:11'),
(134, 328, 'FA4058917', '2025-09-05', '2029-09-23', '2025-07-09 07:52:35'),
(135, 501, 'FA3686854', '2024-08-14', '2029-09-23', '2025-07-09 08:26:45'),
(136, 428, 'FA4054079', '2024-09-03', '2029-09-23', '2025-07-09 08:35:59'),
(137, 481, 'FA4054080', '2024-09-03', '2029-09-23', '2025-07-09 08:52:53'),
(138, 373, '25I57669', '2025-05-29', '2030-06-23', '2025-07-10 13:15:00'),
(139, 502, '25I57668', '2025-05-29', '2030-06-23', '2025-07-10 13:16:45'),
(140, 490, 'FA6545462', '2025-05-06', '2030-05-14', '2025-07-11 13:05:51'),
(141, 495, 'FA6545461', '2025-05-06', '2030-05-14', '2025-07-11 13:14:05'),
(142, 496, 'FA6545469', '2025-05-06', '2030-05-14', '2025-07-11 13:20:29');

-- --------------------------------------------------------

--
-- Table structure for table `work_history`
--

CREATE TABLE `work_history` (
  `work_hist_id` int(11) NOT NULL,
  `emp_id` int(11) NOT NULL,
  `start_date` date NOT NULL,
  `end_date` date DEFAULT NULL,
  `comp_name` varchar(100) CHARACTER SET utf8 COLLATE utf8_general_ci NOT NULL,
  `comp_business` varchar(100) CHARACTER SET utf8 COLLATE utf8_general_ci NOT NULL,
  `business_cont` varchar(100) CHARACTER SET utf8 COLLATE utf8_general_ci NOT NULL,
  `work_loc` varchar(100) CHARACTER SET utf8 COLLATE utf8_general_ci NOT NULL
) ENGINE=InnoDB DEFAULT CHARSET=latin1 COLLATE=latin1_swedish_ci;

--
-- Dumping data for table `work_history`
--

INSERT INTO `work_history` (`work_hist_id`, `emp_id`, `start_date`, `end_date`, `comp_name`, `comp_business`, `business_cont`, `work_loc`) VALUES
(1, 464, '2021-07-01', '2024-09-01', 'KDT', 'Engineering', 'Software', 'Pasay'),
(2, 487, '2022-08-01', NULL, 'KDT', 'Engineering', 'Software', 'Pasay'),
(3, 510, '2023-07-01', NULL, 'KDT', 'Engineering', 'Software', 'Pasay'),
(4, 420, '2017-03-01', '2018-01-01', 'Robinsons Land Corporation', '不動産業', 'ビル建設、\nメンテナンス業務', 'フィリピン'),
(5, 420, '2018-02-01', '2018-05-01', 'Cenel Applied Technologies Corporation', '販売業', 'ポンプ類の\nセールス', 'フィリピン'),
(6, 420, '2018-07-01', '0000-00-00', 'KHI Design & \nTechnical Service, Inc.', '機械設計', 'ごみ焼却プラントの詳細設計', 'フィリピン'),
(7, 230, '2007-06-01', '0000-00-00', 'KHI Design & \nTechnical Service, Inc.', '機械設計', '搬送機械の詳細設計', 'フィリピン'),
(8, 377, '2015-02-01', '0000-00-00', 'KHI Design & \nTechnical Service, Inc.', '機械設計', '搬送機械の詳細設計', 'フィリピン'),
(9, 390, '2014-05-01', '2015-05-01', 'D.M. Consunji Inc.', '詳細設計、\n建設工事', 'パワープラントの\n設計、建設', 'フィリピン'),
(10, 390, '2015-06-01', '0000-00-00', 'KHI Design & \nTechnical Service, Inc.', '機械設計', 'ごみ焼却プラントの詳細設計', 'フィリピン'),
(11, 404, '2014-07-01', '2015-11-01', 'Atlantic Gulf & Pacific Company of Manila', 'オイル、ガスタンク　モジュール設計、製作', 'タンクモジュール詳細設計', 'フィリピン'),
(12, 404, '2016-07-01', '0000-00-00', 'KHI Design & \nTechnical Service, Inc.', '機械設計', 'ごみ焼却プラントの詳細設計', 'フィリピン'),
(13, 478, '2021-05-01', '2022-07-01', 'EEI Corporation', '建設', '大規模建設・エンジニアリングサービス', 'フィリピン'),
(14, 478, '2022-07-01', '0000-00-00', 'KHI Design & \nTechnical Service, Inc.', '機械設計', '搬送機器の詳細設計', 'フィリピン'),
(15, 460, '2021-07-01', '0000-00-00', 'KHI Design & \nTechnical Service, Inc.', '機械設計', 'ごみ焼却プラントの詳細設計', 'フィリピン'),
(16, 224, '2007-05-01', '0000-00-00', 'KHI Design & \nTechnical Service, Inc.', '機械設計', 'ごみ焼却プラントの詳細設計', 'フィリピン'),
(17, 493, '2023-03-01', '0000-00-00', 'KHI Design and Technical Service Inc.', '機械設計', '搬送機器の詳細設計', 'Philippines'),
(18, 423, '2016-11-01', '2017-04-01', 'Philippine Manufacturing Company of Murata Inc.', 'コンデンサー\n製造販売', 'コンデンサー製造', 'フィリピン'),
(19, 423, '2017-05-01', '2018-06-01', 'Shimano Phils. Inc.', '自転車\n製造販売', '自転車部品製造', 'フィリピン'),
(20, 423, '2018-07-01', '0000-00-00', 'KHI Design & \nTechnical Service, Inc.', '機械設計', 'ごみ焼却プラントの詳細設計', 'フィリピン'),
(21, 432, '2016-07-01', '2016-12-01', 'Columbia Internation Food Products Inc.', '食品製造', '食品製造', 'フィリピン'),
(22, 432, '2017-02-01', '2018-06-01', 'Best Weigh Global Company', '計量機器製造', '計量機器製造', 'フィリピン'),
(23, 432, '2018-07-01', '0000-00-00', 'KHI Design & \nTechnical Service, Inc.', '機械設計', 'ごみ焼却プラントの詳細設計', 'フィリピン'),
(24, 371, '2015-02-01', '2022-03-01', 'KHI Design & \nTechnical Service, Inc.', '機械設計', 'トンネルボーリングマシンの詳細設計', 'フィリピン'),
(25, 371, '2022-04-01', '0000-00-00', 'KHI Design & \nTechnical Service, Inc.', '機械設計', '搬送機器の詳細設計', 'フィリピン'),
(26, 459, '2021-07-01', '0000-00-00', 'KHI Design & \nTechnical Service, Inc.', '機械設計', 'ごみ焼却プラントの詳細設計', 'フィリピン'),
(27, 417, '2017-03-01', NULL, 'KHI Design & Technical Service, Inc.', '機械設計', '搬送機械の詳細設計', 'フィリピン'),
(28, 429, '2017-11-01', '2018-05-01', 'SHOWA Aluminum Manufacturing Philippines', 'アルミニウム製品製造', '冷蔵庫部品製作監督', 'フィリピン'),
(29, 429, '2018-07-01', '0000-00-00', 'KHI Design & \nTechnical Service, Inc.', '機械設計', 'ごみ焼却プラントの詳細設計', 'フィリピン'),
(30, 489, '2015-02-01', '2022-03-01', 'KHI Design and Technical Service Inc.', '機械設計', 'トンネルボーリングマシンの詳細設計', 'Philippines'),
(31, 489, '2023-01-01', '0000-00-00', 'KHI Design and Technical Service Inc.', '機械設計', '搬送機器の詳細設計', 'Philippines'),
(32, 352, '2012-11-01', '2013-09-01', 'Ibiden Philippines Inc.', '製造', 'プリント基板の製造監督', 'フィリピン'),
(33, 352, '2014-04-01', '0000-00-00', 'KHI Design & Technical Service,Inc', '機械設計', 'ごみ焼却プラントの詳細設計', 'フィリピン'),
(34, 381, '2015-02-01', '2022-05-01', 'KHI Design and Technical Service Inc.', '機械設計', 'トンネルボーリングマシンの詳細設計', 'フィリピン'),
(35, 381, '2022-06-01', '0000-00-00', 'KHI Design and Technical Service Inc.', '機械設計', '搬送機器の詳細設計', 'フィリピン'),
(36, 221, '2006-07-01', '2007-02-01', 'Altus Industries Inc.', '製造業務', 'メカニカルシール類の製造', 'フィリピン'),
(37, 221, '2007-05-01', '2014-10-01', 'KHI Design & \nTechnical Service, Inc.', '機械設計', '化学プラントの\n詳細設計', 'フィリピン'),
(38, 221, '2014-11-01', '0000-00-00', 'KHI Design & \nTechnical Service, Inc.', '機械設計', 'ごみ焼却プラントの詳細設計', 'フィリピン'),
(39, 388, '2015-06-01', '0000-00-00', 'KHI Design and Technical Services Inc.', '機械設計', '搬送機器の詳細設計', 'フィリピン'),
(40, 421, '2018-07-01', '0000-00-00', 'KHI Design & Technical Service,Inc', '機械設計', '搬送機械の詳細設計', 'フィリピン'),
(41, 438, '2017-02-01', '2018-06-01', 'Fabtech Kitchen Unlimited, Inc.', 'キッチン設備\n製造', 'キッチン設備\n製作設計', 'フィリピン'),
(42, 438, '2018-07-01', '0000-00-00', 'KHI Design & \nTechnical Service, Inc.', '機械設計', 'ごみ焼却プラントの詳細設計', 'フィリピン'),
(43, 396, '2015-10-01', '0000-00-00', 'KHI Design & Technical Service,Inc', '機械設計', '搬送機械の詳細設計', 'フィリピン'),
(44, 427, '2016-05-01', '2018-04-01', 'Mitsuba Philippine Technical Center Corporation', '自動車設計', '自動車の詳細設計', 'Philippines'),
(45, 427, '2018-07-01', '2021-09-01', 'KHI Design and Technical Service Inc.', '機械設計', 'ﾄﾝﾈﾙ掘削機械の詳細設計', 'Philippines'),
(46, 427, '2021-10-01', '0000-00-00', 'KHI Design and Technical Service Inc.', '機械設計', '搬送機器の詳細設計', 'Philippines'),
(47, 334, '2011-07-01', '2013-07-01', 'Yamashita Mold Philippines', '機械設計', 'マシニングセンター操作', 'フィリピン'),
(48, 334, '2013-08-01', '0000-00-00', 'KHI Design & Technical Service,Inc', '機械設計', 'ごみ焼却プラントの詳細設計', 'フィリピン'),
(49, 470, '2017-04-01', '2018-02-01', 'Monolith Construction & Development Corporation', '機械設計製造', '機械設計、据付、メンテナンス業務', 'フィリピン'),
(50, 470, '2018-07-01', '0000-00-00', 'KHI Design and Technical Services Inc.', '機械設計', '搬送機器の詳細設計', 'フィリピン'),
(51, 462, '2021-07-01', '0000-00-00', 'KHI Design & Technical Service,Inc', '機械設計', 'ごみ焼却プラントの詳細設計', 'フィリピン'),
(52, 411, '2015-06-01', '2017-02-01', 'Makati Development Corporation', '一般建設業', 'ビルの設計建築施工', 'フィリピン'),
(53, 411, '2017-03-01', '0000-00-00', 'KHI Design & Technical Service, Inc.', '機械設計', 'ごみ焼却プラントの詳細設計', 'フィリピン'),
(54, 367, '2014-09-01', '0000-00-00', 'KHI Design & Technical Service,Inc', '機械設計', 'ごみ焼却プラントの詳細設計', 'フィリピン'),
(55, 401, '2016-07-01', '0000-00-00', 'KHI Design & Technical Service,Inc', '機械設計', 'ごみ焼却プラントの詳細設計', 'フィリピン'),
(56, 434, '2016-11-01', '2017-05-01', 'Integrated Contractor Plumbing Works Inc.', '配管設備工事', '配管工事及び消火栓工事', 'フィリピン'),
(57, 434, '2017-05-01', '2018-06-01', 'Irvine Construction Corporation', '配管設備工事', '配管工事及び消火栓工事', 'フィリピン'),
(58, 434, '2018-07-01', '0000-00-00', 'KHI Design & Technical Service,Inc', '機械設計', 'ごみ焼却プラントの詳細設計', 'フィリピン'),
(59, 387, '2015-06-01', '0000-00-00', 'KHI Design & Technical Service,Inc', '機械設計', '搬送機械の詳細設計', 'フィリピン'),
(60, 433, '2018-07-01', '0000-00-00', 'KHI Design and Technical Service Inc.', '機械設計', '搬送機器の詳細設計', 'フィリピン'),
(61, 412, '2013-11-01', '2015-09-01', 'PHPC Co., Ltd. Inc. Machinery Systems Design Group', 'プラント設計', '機器詳細設計', 'フィリピン'),
(62, 412, '2016-01-01', '2017-02-01', 'Phenix Garuda Construction and Development Corporation', '一般建設業', 'ビル設計建築', 'フィリピン'),
(63, 412, '2017-03-01', '0000-00-00', 'KHI Design & Technical Service,Inc', '機械設計', 'ごみ焼却プラントの詳細設計', 'フィリピン'),
(64, 424, '2017-04-01', '2018-02-01', 'Monolith Construction & Development Corporation', '建設業', '配管・防火設備の設計', 'フィリピン'),
(65, 424, '2018-07-01', '0000-00-00', 'KHI Design and Technical Services Inc.', '機械設計', '搬送機器の詳細設計', 'フィリピン'),
(66, 117, '1998-03-01', '1998-10-01', 'CADD Masters', 'キャドサービス', 'キャドオペレーター', 'フィリピン'),
(67, 117, '1998-10-01', '2000-09-01', 'Philippine Industrial Automation', 'プラントオートメーション', 'プラントオートメーションの詳細設計', 'フィリピン'),
(68, 117, '2001-01-01', '2014-08-01', 'KHI Design & Technical Service, Inc.', '機械設計', 'セメントプラントの詳細設計', 'フィリピン'),
(69, 117, '2014-09-01', '2021-10-01', 'KHI Design & Technical Service, Inc.', '機械設計', 'トンネルボーリングマシンの詳細設計', 'フィリピン'),
(70, 117, '2021-10-01', '0000-00-00', 'KHI Design & Technical Service, Inc.', '機械設計', 'ごみ焼却プラントの詳細設計', 'フィリピン'),
(71, 413, '2014-01-01', '2017-03-01', 'Koppel, Inc.', '船舶設計製造', 'エアコンユニットの開発設計', 'Philippines'),
(72, 413, '2017-03-01', '2020-10-01', 'KHI Design and Technical Service Inc.', '機械設計', '灰処理機器の詳細設計', 'Philippines'),
(73, 413, '2020-12-01', '0000-00-00', 'KHI Design and Technical Service Inc.', '機械設計', '搬送機器の詳細設計', 'Philippines'),
(74, 430, '2017-11-01', '2017-12-01', 'Toyota Isabela Inc.', '自動車販売', 'セールス、\nアフターサービス業務', 'フィリピン'),
(75, 430, '2018-03-01', '2018-06-01', 'SUMINAC Philippines Inc.', '自動設備\n設計、製作', '詳細設計、\nカスタマーサービス', 'フィリピン'),
(76, 430, '2018-07-01', '0000-00-00', 'KHI Design & \nTechnical Service, Inc.', '機械設計', 'ごみ焼却プラントの\n詳細設計', 'フィリピン'),
(77, 437, '2016-10-01', '2017-04-01', 'Specialized Products and Services Inc.', 'セメントプラント設計', 'プラント部品\n設計製作、据付', 'フィリピン'),
(78, 437, '2017-05-01', '2018-06-01', 'Columbian Motors Corporation', '自動車組立', 'トラック、バス\nメンテナンス', 'フィリピン'),
(79, 437, '2018-07-01', '2021-10-01', 'KHI Design & \nTechnical Service, Inc', '機械設計', 'トンネルボーリング\nマシンの詳細設計', 'フィリピン'),
(80, 437, '2021-10-01', '0000-00-00', 'KHI Design & \nTechnical Service, Inc', '機械設計', 'ごみ焼却プラントの\n詳細設計', 'フィリピン'),
(81, 414, '2017-03-01', '0000-00-00', 'KHI Design & Technical Service,Inc', '機械設計', 'ごみ焼却プラントの詳細設計', 'フィリピン'),
(82, 461, '2021-07-01', '0000-00-00', 'KHI Design & Technical Service,Inc', '機械設計', 'ごみ焼却プラントの詳細設計', 'フィリピン'),
(83, 435, '2017-09-01', '2018-01-01', 'Hayakawa Component Technologies Inc.', '合成樹脂製品製造', '製品組立業務', 'フィリピン'),
(84, 435, '2018-02-01', '2018-06-01', 'Furukawa Automotive System Design Phil.', '自動車部品\n製造', '電装部品製作', 'フィリピン'),
(85, 435, '2018-07-01', '0000-00-00', 'KHI Design & Technical Service, Inc.', '機械設計', 'ごみ焼却プラントの詳細設計', 'フィリピン'),
(86, 455, '2018-04-01', '2019-02-01', 'RPS 2 Construction and Maintenance Inc.', '機器設計\nメンテナンス', '機器据付、保守業務', 'フィリピン'),
(87, 463, '2021-07-01', '0000-00-00', 'KHI Design & Technical Service,Inc', '機械設計', 'ごみ焼却プラントの詳細設計', 'フィリピン'),
(88, 428, '2017-03-01', '2018-06-01', 'Jose Aliling Construction Management Inc.', '道路建設', '道路建設マネージメント業務', 'フィリピン'),
(89, 428, '2018-07-01', '2021-10-01', 'KHI Design & Technical Service,Inc', '機械設計', 'トンネルボーリングマシンの詳細設計', 'フィリピン'),
(90, 428, '2021-10-01', '0000-00-00', 'KHI Design & Technical Service,Inc', '機械設計', 'ごみ焼却プラントの詳細設計', 'フィリピン'),
(91, 313, '2012-05-01', '0000-00-00', 'KHI Design and Technical Service, Inc.', 'Engineering Designs', 'Electrical Design Engineer', 'Philippines'),
(92, 299, '2011-08-01', '0000-00-00', 'KHI Design and Technical Service, Inc.', '機械設計', '設計支援', 'フィリピン'),
(93, 467, '2021-07-01', '0000-00-00', 'KHI Design and Technical Service, Inc.', '機械設計', '設計支援', 'フィリピン'),
(94, 283, '2010-06-01', '0000-00-00', 'KHI Design and Technical Service, Inc.', 'Engineering Design', 'Prepare and design electrical system', 'フィリピン'),
(95, 321, '2010-12-01', '2013-02-01', 'Spec-Master, Inc.', 'Contractor', 'Cost Engineer, Estimator', 'Philippines'),
(96, 321, '2013-02-01', '0000-00-00', 'KHI Design and Technical Service, Inc.', 'Engineering Designs　　', 'Prepare and design electrical system　', 'Philippines'),
(97, 480, '2022-07-01', '0000-00-00', 'KHI Design & Technical\nService, Inc.', '機械設計', '設計⽀援', 'フィリピン'),
(98, 284, '2010-06-01', '0000-00-00', 'KHI Design and Technical Service, Inc.', 'Engineering Design', 'Prepare and design electrical system', 'Philippines'),
(99, 484, '2022-07-01', '0000-00-00', 'KHI Design and Technical Service, Inc.', 'Engineering Design', 'Prepare and design electrical system', 'Philippines'),
(100, 410, '2017-03-01', '0000-00-00', 'KHI Design and Technical Service, Inc.', '機械設計', '設計⽀援', 'フィリピン'),
(101, 320, '2010-06-01', '2010-10-01', 'Allied Motors Manufacturing Phils., Inc.', 'Manufacturing Plant', 'Maintenance Engineer', 'Philippines'),
(102, 320, '2011-07-01', '2012-01-01', 'Turbotech Plumbing Products Phils. Corp.', 'Manufacturing Plant', 'Electrical Engineer', 'Philippines'),
(103, 320, '2012-01-01', '2013-02-01', 'MME Technologies Inc.', ' Manufacturing', 'FME Engineer', 'Philippines'),
(104, 320, '2013-02-01', '0000-00-00', 'KHI Design and Technical Service, Inc.', 'Engineering Designs', 'Electrical Design Engineer', 'Philippines'),
(105, 302, '2012-01-01', '0000-00-00', 'KHI Design and Technical Service, Inc.', 'Engineering Design', 'Prepare and design electrical system for various projects', 'Philippines'),
(106, 226, '2007-05-01', '0000-00-00', 'KHI Design and Technical Service, Inc.', 'Engineering Design', 'Prepare and design electrical system for various projects', 'Philippines'),
(107, 407, '2016-07-01', '0000-00-00', 'KHI Design and Technical Service, Inc.', 'Engineering Designs', 'Prepare and design electrical system', 'Philippines'),
(108, 262, '2010-03-01', '2014-08-01', 'KHI Design and Technical Services Inc.', '機械設計', 'セメントプラントの詳細設計 ', 'フィリピン'),
(109, 262, '2014-09-01', '2022-05-01', 'KHI Design and Technical Services Inc.', '機械設計', 'トンネルボーリングマシンの詳細設計', 'フィリピン'),
(110, 262, '2022-06-01', '0000-00-00', 'KHI Design and Technical Service Inc.', '機械設計', '搬送機器の詳細設計', 'フィリピン'),
(111, 323, '2013-02-01', '0000-00-00', 'KHI Design & Technical Service, Inc.', '機械設計', '設計支援', 'フィリピン'),
(112, 329, '2013-05-01', '0000-00-00', 'KHI Design & Technical Service, Inc.', '機械設計', '設計支援', 'フィリピン'),
(113, 468, '2021-07-01', '0000-00-00', 'KHI Design & Technical Service Inc.', '機械設計', '産業プラントの詳細設計', 'フィリピン'),
(114, 261, '2010-03-01', '0000-00-00', 'KHI Design & Technical Service,Inc', '機械設計', '国内外化学プラントの基本設計、詳細設計', 'フィリピン'),
(115, 40, '1997-04-01', '1997-10-01', 'LAS Management', '人材派遣', '機械技術派遣', 'フィリピン'),
(116, 40, '1997-10-01', '0000-00-00', 'KHI Design & Technical Service,Inc', '機械設計', '国内外化学プラントの基本設計、詳細設計', 'フィリピン'),
(117, 40, '2014-09-01', '0000-00-00', 'KHI Design and Technical Service Inc.　', '機械設計　', '化学プラントの詳細設計', 'フィリピン'),
(118, 373, '2015-02-01', '2016-07-01', 'KHI Design & Technical Service Inc.', '機械設計', '低温貯槽ﾌﾟﾗﾝﾄの詳細設計', 'フィリピン'),
(119, 373, '2016-07-01', '0000-00-00', 'KHI Design and Technical Services Inc.　', '機械設計　', '低温貯槽ﾌﾟﾗﾝﾄの詳細設計　', 'フィリピン'),
(120, 477, '2022-07-01', '0000-00-00', 'KHI Design and Technical Service, Inc.', '機械設計', '配管設計', 'フィリピン'),
(121, 486, '2022-07-01', '0000-00-00', 'KHI Design & Technical Service,Inc', '機械設計', '国内外化学・水素プラントの基本設計、詳細設計', 'フィリピン'),
(122, 270, '2010-06-01', '0000-00-00', 'KHI Design and Technical Service, Inc.', '機械設計', '配管設計', 'フィリピン'),
(123, 448, '2019-07-01', '0000-00-00', 'KHI Design and Technical Service, Inc.', '機械設計', '配管設計', 'フィリピン'),
(125, 322, '2011-11-01', '2012-06-01', 'V.G. Roxas Company Inc.', 'Laboratory and Engineering Equipment Supplier', 'Sales Engineer', 'Philippines'),
(126, 322, '2012-06-01', '2012-12-01', 'G. Magnetics Industrial System Inc.　', 'Equipment and Industrial Parts Supplier　', 'Technical and Sales Engineer　', 'Philippines　'),
(127, 322, '2013-07-01', '0000-00-00', 'KHI Design and Technical Service, Inc.', 'Engineering Design', 'Prepare and design electrical system for various projects', 'Philippines'),
(128, 314, '2005-08-01', '2011-08-01', 'Sunpower Philippines Manufacturing Ltd.', 'Solar Panel Manufacturing', 'Senior Equipment Technician', 'Philippines'),
(129, 314, '2011-09-01', '2012-04-01', 'CRS Reprocessing Services ', 'Oil and Gas Reprocessing', 'Process Technician', 'Philippines'),
(130, 314, '2012-05-01', '0000-00-00', 'KHI Design and Technical Service, Inc.', 'Engineering Designs', 'Prepare and design electrical system', 'Philippines'),
(131, 350, '2014-01-01', '0000-00-00', 'KHI Design & Technical Service Inc.', '機械設計', '低温貯槽プラントの詳細設計', 'フィリピン'),
(132, 344, '2014-01-01', '0000-00-00', 'KHI Design & Technical Service,Inc', '機械設計', '国内外化学・水素プラントの基本設計、詳細設計', 'フィリピン'),
(133, 310, '2012-05-01', '0000-00-00', 'KHI Design & Technical Service Inc.', '機械設計', '産業プラントの詳細設計', 'フィリピン'),
(134, 372, '2015-02-01', '0000-00-00', 'KHI Design & Technical Service Inc.', 'Engineering Design', 'Prepare and design electrical system for various projects', 'Philippines'),
(135, 173, '2005-04-01', '2005-08-01', 'System Steel Engineering Philippines', 'Contractor', 'Steel Detailer', 'Philippines'),
(136, 173, '2006-05-01', '0000-00-00', 'KHI Design and Technical Service, Inc.', 'Engineering Designs', 'Prepare and design electrical system', 'Philippines'),
(137, 475, '2022-07-01', '0000-00-00', 'KHI Design and Technical Service, Inc.', '機械設計', '配管設計', 'フィリピン'),
(138, 406, '2016-07-01', NULL, 'KHI Design & Technical Service Inc.', '機械設計・図面作成・3Dモデル設計', '産業プラントの詳細設計', 'フィリピン'),
(139, 222, '2007-05-01', '0000-00-00', 'KHI Design & Technical Service Inc.', '機械設計', '産業プラントの詳細設計', 'フィリピン'),
(140, 288, '2010-06-01', '2010-12-01', 'Romeo C. Sicam Architects and Associates', 'Architectural & Engineering Designs', 'Electrical Engineer', 'Philippines'),
(141, 288, '2011-01-01', '0000-00-00', 'KHI Design and Technical Service, Inc.', 'Engineering Designs', 'Prepare and design electrical system', 'Philippines'),
(142, 469, '2022-07-01', '0000-00-00', 'KHI Design & Technical Service Inc.', '機械設計', '産業プラントの詳細設計', 'フィリピン'),
(143, 290, '2011-03-01', '0000-00-00', 'KHI Design & Technical Service Inc.', '機械設計', '低温貯槽プラントの詳細設計', 'フィリピン'),
(144, 357, '2014-06-01', '0000-00-00', 'KHI Design and Technical Service, Inc.', '機械設計', '配管設計', 'フィリピン'),
(145, 311, '2012-05-01', '0000-00-00', 'KHI Design & Technical\nService, Inc.', '機械設計', '設計⽀援', 'フィリピン'),
(146, 506, '2023-07-01', '0000-00-00', 'KHI Design & Technical Service,Inc', '機械設計', '国内外化学・水素プラントの基本設計、詳細設計', 'フィリピン'),
(147, 376, '2013-08-01', '2015-01-01', 'Robinsons Land Corporation', 'Property Management', 'Technical Support', 'Philippines'),
(148, 376, '2015-02-01', '0000-00-00', 'KHI Design and Technical Service, Inc.', 'Engineering Designs', 'Prepare and design electrical system for various projects', 'Philippines'),
(149, 454, '2019-07-01', '0000-00-00', 'KHI Design & Technical Service,Inc', '機械設計', '設計支援', 'フィリピン'),
(150, 444, '2018-10-01', '0000-00-00', 'KHI Design & Technical Service,Inc', 'プラントエンジニアリング', '土建設計業務', 'マニラ'),
(151, 306, '2012-01-01', '0000-00-00', 'KHI Design and Technical Service, Inc.', '機械設計', '配管設計', 'フィリピン'),
(152, 450, '2019-07-01', '0000-00-00', 'KHI Design and Technical Service, Inc.', '機械設計', '配管設計', 'フィリピン'),
(153, 426, '2018-07-01', '0000-00-00', 'KHI Design and Technical Service, Inc.', '機械設計', '設計支援', 'フィリピン'),
(154, 209, '2007-03-01', '0000-00-00', 'KHI Design & Technical Service Inc.', '機械設計', '産業プラントの詳細設計', 'フィリピン'),
(155, 356, '2013-06-01', '2014-03-01', 'First Oceanic Property Management, Inc.', 'Property Management', 'Property Engineer', 'Philippines'),
(156, 356, '2014-04-01', '0000-00-00', 'KHI Design and Technical Service, Inc.', 'Engineering Designs', 'Prepare and design electrical system for various projects', 'Philippines'),
(157, 264, '2010-01-01', '0000-00-00', 'KHI Design & Technical Service Inc.', '機械設計', '低温貯槽ﾌﾟﾗﾝﾄの詳細設計', 'フィリピン'),
(158, 447, '2019-07-01', '0000-00-00', 'KHI Design and Technical Service, Inc.', '機械設計', '配管設計', 'フィリピン'),
(159, 471, '2022-07-01', '0000-00-00', 'KHI Design and Technical Service, Inc.', '機械設計', '配管設計', 'フィリピン'),
(160, 382, '2015-05-01', '0000-00-00', 'KHI Design and Technical Service, Inc.', 'プラントエンジニアリング', '土建設計業務', 'マニラ'),
(161, 402, '2016-07-01', '0000-00-00', 'KHI Design and Technical Service, Inc.', '機械設計', '設計支援', 'フィリピン'),
(162, 333, '2013-08-01', '0000-00-00', 'KHI Design and Technical Service, Inc.', '機械設計', '配管設計', 'フィリピン'),
(163, 215, '2007-03-01', '0000-00-00', 'KHI Design & Technical Service Inc.', '機械設計', '産業プラントの詳細設計', 'フィリピン'),
(164, 389, '2015-06-01', '0000-00-00', 'KHI Design and Technical Services Inc.', '機械設計', '水力機械の詳細設計', 'フィリピン'),
(165, 472, '2022-07-01', '0000-00-00', 'KHI Design & Technical Service Inc.', '機械設計', '産業プラントの詳細設計', 'フィリピン'),
(166, 328, '2013-05-01', '0000-00-00', 'KHI Design & Technical Service Inc.', '機械設計', '設計支援', 'フィリピン'),
(167, 330, '2013-08-01', '0000-00-00', 'KHI Design and Technical Service, Inc.', '機械設計', '配管設計', 'フィリピン'),
(168, 223, '2007-05-01', '0000-00-00', 'KHI Design & Technical Service Inc.', '機械設計', '産業プラントの詳細設計', 'フィリピン'),
(169, 485, '2022-07-01', '0000-00-00', 'KHI Design & Technical Service Inc.', 'プラントエンジニアリング', '土建設計業務', 'マニラ'),
(170, 279, '2007-05-01', '2007-11-01', 'Allegro Microsystem Philippines Inc.', '電子品製造', 'センサーの製造', 'フィリピン'),
(171, 279, '2008-06-01', '2009-09-01', 'Panasonic Communication Philippines', '電子品製造', 'ホログラムセンサーの製造', 'フィリピン'),
(172, 279, '2010-01-01', '2010-05-01', 'BK Agas', 'ビルのマネージメント', '機械品数量監査', 'フィリピン'),
(173, 279, '2010-06-01', '0000-00-00', 'KHI Design and Technical Services Inc.', '機械設計', '搬送機器の詳細設計', 'フィリピン'),
(174, 263, '2005-01-01', '2009-07-01', 'NIPPON ANTENNA PHILS, INC.', 'アンテナ製造', 'アンテナの品質管理', 'フィリピン'),
(175, 263, '2010-03-01', '0000-00-00', 'KHI Design and Technical Service Inc.', '機械設計', '搬送機器の詳細設計', 'フィリピン'),
(176, 295, '2004-04-01', '2011-05-01', 'TAKUMA TEC Philippines Inc.', '機械設計', 'ごみ焼却プラントの詳細設計', 'Philippines'),
(177, 295, '2011-05-01', '0000-00-00', 'KHI Design and Technical Service Inc.', '機械設計', '搬送機器の詳細設計', 'Philippines'),
(178, 252, '2008-05-01', '0000-00-00', 'KHI Design & Technical Service Inc.', 'プラントエンジニアリング', '土建設計業務', 'マニラ'),
(179, 305, '2012-01-01', '0000-00-00', 'KHI Design and Technical Service, Inc.', '機械設計', '配管設計', 'フィリピン'),
(180, 174, '2006-08-01', '0000-00-00', 'KHI Design and Technical Service, Inc.', 'Engineering Designs', 'Prepare and design electrical system', 'Philippines'),
(181, 358, '2014-06-01', '0000-00-00', 'KHI Design and Technical Service, Inc.', '機械設計', '配管設計', 'フィリピン'),
(182, 345, '2013-01-01', '2013-12-01', 'Ayala Property Management Corp.', '土地開発、ビル建築', '現場検査員', 'フィリピン'),
(183, 345, '2014-01-01', '0000-00-00', 'KHI Design & Technical Service Inc.', '機械設計', '低温貯槽プラントの詳細設計', 'フィリピン'),
(184, 504, '2023-07-01', '0000-00-00', 'KHI Design & Technical Service,Inc', '機械設計', '国内外化学・水素プラントの基本設計、詳細設計', 'フィリピン'),
(185, 386, '2015-06-01', '0000-00-00', 'KHI Design and Technical Services Inc.', '機械設計', '水力機械の詳細設計', 'フィリピン'),
(186, 20003, '2010-06-01', '0000-00-00', 'KHI Design and Technical Service, Inc.', '機械設計', '配管設計', 'フィリピン'),
(187, 482, '2022-07-01', '0000-00-00', 'KHI Design and Technical Service, Inc.', '機械設計', '配管設計', 'フィリピン'),
(188, 346, '2012-10-01', '2013-12-01', 'Spec-Master Inc.', 'Contractor', 'Cost Engineer, Estimator', 'Philippines'),
(189, 346, '2014-01-01', '0000-00-00', 'KHI Design and Technical Service, Inc.', 'Engineering Designs', 'Prepare and design electrical system', 'Philippines'),
(196, 515, '2013-10-01', NULL, 'KHI Design & Technical Service,Inc', '機械設計', '国内外化学・水素プラントの基本設計、詳細設計', 'フィリピン'),
(197, 455, '2019-07-01', NULL, 'KHI Design & Technical Service, Inc.', '機械設計', 'ごみ焼却プラントの詳細設計', 'フィリピン'),
(202, 479, '2022-07-01', NULL, 'KHI Design & Technical Service, Inc.', '機械設計', 'ごみ焼却プラントの詳細設計', 'フィリピン'),
(203, 507, '2023-07-01', NULL, 'KHI Design & Technical Service Inc.', '機械設計', '産業プラントの詳細設計', 'フィリピン'),
(204, 473, '2020-12-01', '2021-03-01', 'ResultsCX', '国内向ビジネス・プロセス・アウトソーシング', 'テレコムの顧客サービス', 'フィリピン'),
(205, 473, '2021-06-01', '2021-11-01', 'TaskUS', '国内向ビジネス・プロセス・アウトソーシング', '運輸ネットワーク車両サービスにおける顧客サービス', 'フィリピン'),
(206, 473, '2022-07-01', NULL, 'KHI Design & Technical Service, Inc.', 'KHI Design & Technical Service, Inc.', '機械設計', 'ごみ焼却プラントの詳細設計'),
(207, 499, '2023-07-01', NULL, 'KHI Design & Technical Service Inc.', '機械設計', '低温貯槽プラントの詳細設計', 'フィリピン'),
(208, 508, '2023-07-01', NULL, 'KHI Design and Technical Services, Inc.', '機械設計', '配管設計', 'フィリピン'),
(209, 383, '2015-04-01', NULL, 'KHI Design and Technical Services, Inc.', 'プラントエンジニアリング', '土建設計業務', 'マニラ'),
(210, 491, '2022-05-01', '2023-02-01', 'F.tech R&D Philippines, Inc.', '自動車部品設計', '自動車部品の研究および設計', 'フィリピン'),
(211, 491, '2023-03-01', NULL, 'KHI Design and Technical Services Inc.', '機械設計', '搬送設備の詳細設計', 'フィリピン'),
(212, 492, '2022-05-01', '2023-02-01', 'Rohm Electronics Phil. Inc.', '半導体', '半導体および電子部品メーカー', 'フィリピン'),
(213, 492, '2023-03-01', NULL, 'KHI Design and Technical Services Inc.', '機械設計', '搬送設備の詳細設計', 'フィリピン'),
(214, 494, '2021-08-01', '2021-12-01', 'Systech Industries Corp.', '建設', '空調システム', 'フィリピン'),
(215, 494, '2022-04-01', '2023-02-01', 'Kolin Philippines Int\'l Inc.', '家電製品', '空調システム', 'フィリピン'),
(216, 494, '2023-03-01', NULL, 'KHI Design and Technical Services Inc.', '機械設計', '搬送設備の詳細設計', 'フィリピン'),
(218, 260, '2010-03-01', NULL, 'KHI Design and Technical Services, Inc.', '機械設計', '破砕機プラントの詳細設計', 'フィリピン'),
(219, 505, '2023-07-01', NULL, 'KHI Design & Technical Service Inc.', '機械設計', '産業プラントの詳細設計', 'フィリピン'),
(220, 503, '2023-03-01', NULL, 'KHI Design & Technical Service, Inc.', '機械設計', '設計支援', 'フィリピン'),
(221, 416, '2017-03-01', NULL, 'KHI Design & Technical Service, Inc', 'KHI Design & Technical Service, Inc', '破砕機プラントの詳細設計', 'フィリピン'),
(222, 8, '1989-02-01', '1990-06-01', 'Kawasaki Heavy Industries, Ltd.', 'Manila Office', 'Representative Office', 'Sen Gil Puyat, Makati'),
(223, 8, '1985-08-01', '1987-03-01', 'Nippon Electric Corp ', 'Toyo MOTC Project Office', 'Telecommunication', 'Roxas Boulevard, Manila'),
(225, 439, '2018-07-01', NULL, 'KHI Design and Technical Services, Inc.', 'Engineering', 'IT System and Network Management', 'Pasay City'),
(226, 8, '1990-06-01', '2025-07-01', 'KHI DESIGN 7 TECHNICAL SERVICE, INC.', 'Engineering Design', 'Engineering Design', 'MOA PASAY'),
(227, 490, '2021-03-01', '2022-10-01', 'URC-Flour Division', 'Manufacturing', 'Process Specialist', 'Philippines'),
(228, 490, '2023-03-01', NULL, 'KHI Design and Technical Services Inc.', 'Industrial Design', 'Detail Design for Material Handling Equipment', 'Philippines'),
(229, 496, '2021-08-01', '2021-11-01', 'Alorica Teleservices, Inc.', 'Telecommunication', 'Customer Service Representative', 'Philippines'),
(230, 496, '2021-12-01', '2023-02-01', 'Accenture Inc.', 'Information Technology', 'Customer Service Representative', 'Philippines'),
(231, 496, '2023-03-01', NULL, 'KHI Design and Technical Services Inc.', 'Industrial Design', 'Detail Design for Material Handling Equipment', 'Philippines'),
(232, 495, '2021-02-01', '2023-02-01', 'Moreta Shipping Lines Inc.', 'Container Shipping', 'Machinery Engineer', 'Philippines'),
(233, 495, '2023-03-01', NULL, 'KHI Design and Technical Services Inc.', 'Industrial Design', 'Detail Design for Material Handling Equipment', 'Philippines'),
(234, 502, '2024-01-01', NULL, 'KHI Design &Technical Service, Inc.', '機械設計', 'ごみ焼却プラントの詳細設計', 'フィリピン'),
(236, 516, '2018-07-01', '2023-06-01', 'KHI Design &Technical Service, Inc.', '機械設計', 'ごみ処理プラントの詳細設計', 'フィリピン'),
(237, 516, '2023-06-01', '2024-05-01', 'Mechwest Inc', '機械・構造設計', '鉱業における資材輸送設備の詳細設計', 'フィリピン'),
(238, 516, '2024-05-01', NULL, 'KHI Design &Technical Service, Inc.', '機械設計', 'ごみ処理プラントの詳細設計', 'フィリピン'),
(239, 436, '2017-01-01', '2018-06-01', 'Steel Center Philipines Inc', '鉄骨製作', '鉄骨設計製作', 'フィリピン'),
(240, 436, '2018-07-01', NULL, 'KHI Design &Technical Service, Inc.', '機械設計', 'ごみ処理プラントの詳細設計', 'フィリピン'),
(241, 212, '2007-03-01', '2008-03-01', 'KHI Design & Technical Service,Inc', 'プラント設計', 'セメントプラント詳細設計', 'フィリピン'),
(242, 212, '2008-04-01', '2013-03-01', 'KHI Design & Technical Service,Inc', '船舶設計', '船舶生産設計の詳細設計', 'フィリピン'),
(243, 212, '2013-04-01', NULL, 'KHI Design & Technical Service,Inc', '船舶設計', '船舶マクロプログラム詳細設計', 'フィリピン'),
(244, 509, '2023-07-01', NULL, 'KHI Design and Technical Services, Inc.', 'Engineering Design', 'Prepare and design electrical system', 'Philippines'),
(245, 524, '2024-07-01', NULL, 'KHI Design and Technical Services, Inc.', 'Engineerig Design', 'Prepare and design electrical system', 'Philippines'),
(246, 525, '2024-07-01', NULL, 'KHI Design and Technical Services, Inc.', 'Engineering Design', 'Prepare and design electrical system', 'Philippines'),
(247, 526, '2024-07-01', NULL, 'KHI Design and Technical Services, Inc.', 'Engineering Design', 'Prepare and design electrical system', 'Philippines'),
(248, 523, '2024-07-01', NULL, 'KHI Design and Technical Services, Inc.', 'プラントエンジニアリング', '土建設計業務	', 'マニラ'),
(249, 425, '2016-05-01', '2017-02-01', 'Aircond. Network Philippines Inc.,', 'HVACシステム設計施工', 'HVAC 詳細設計', 'フィリピン'),
(250, 425, '2017-04-01', '2018-06-01', 'Kinden Philippines Corporation', 'プリント基板設計製作', 'プリント基板製作保守業務', 'フィリピン'),
(251, 425, '2018-07-01', NULL, 'KHI Design & Technical Service, Inc.', '機械設計', 'ごみ焼却プラントの詳細設計', 'フィリピン'),
(252, 481, '2022-07-01', NULL, 'KHI Design & Technical Service, Inc.', '機械設計', 'ごみ焼却プラントの詳細設計', 'フィリピン'),
(253, 531, '2005-07-01', '2021-01-01', 'KHI Design &Technical Service, Inc. others', '機械設計、他', 'ごみ焼却プラントの詳細設計、他', 'フィリピン、UAE'),
(254, 531, '2021-03-01', '2022-03-01', 'Middle East Modern Architecture', 'アーキテクチャとエンジニアリング', 'インフラストラクチャー', 'UAE'),
(255, 531, '2024-07-01', NULL, 'KHI Design &Technical Service, Inc.', '機械設計', 'ごみ焼却プラントの詳細設計', 'フィリピン'),
(256, 291, '2011-01-01', NULL, 'KHI Design & Technical Service,Inc', '機械設計', '国内外化学・水素プラントの基本設計、詳細設計', 'フィリピン'),
(257, 500, '2024-01-01', NULL, 'KHI Design &Technical Service, Inc.', '機械設計', 'ごみ焼却プラントの詳細設計', 'フィリピン'),
(258, 532, '2024-07-01', NULL, 'KHI Design and Technical Services Inc.', 'Industrial Design', 'Detail Design for Material Handling Equipment', 'Philippines'),
(259, 530, '2024-07-01', NULL, 'KHI Design and Technical Services Inc.', 'Industrial Design', 'Detail Design for Material Handling Equipment', 'Philippines'),
(260, 522, '2024-07-01', NULL, 'KHI Design & Technical Service, Inc', 'プラントエンジニアリング	', '土建設計業務', 'マニラ'),
(261, 501, '2023-07-01', NULL, 'KHI Design and Technical Service, Inc.', '機械設計', '配管設計', 'フィリピン'),
(262, 529, '2024-07-01', NULL, 'KHI Design and Technical Service, Inc.', '機械設計', '配管設計', 'フィリピン'),
(263, 538, '2024-07-01', NULL, 'KHI Design and Technical Service, Inc.', '機械設計', '配管設計', 'フィリピン'),
(264, 534, '2024-07-01', NULL, 'KHI Design &Technical Service, Inc.', '機械設計', 'ごみ焼却プラントの詳細設計', 'フィリピン');

--
-- Indexes for dumped tables
--

--
-- Indexes for table `allowance_levels`
--
ALTER TABLE `allowance_levels`
  ADD PRIMARY KEY (`id`);

--
-- Indexes for table `allowance_list`
--
ALTER TABLE `allowance_list`
  ADD PRIMARY KEY (`id`),
  ADD KEY `fk_level` (`level_id`);

--
-- Indexes for table `company_list`
--
ALTER TABLE `company_list`
  ADD PRIMARY KEY (`id`);

--
-- Indexes for table `designation_allowance`
--
ALTER TABLE `designation_allowance`
  ADD PRIMARY KEY (`id`),
  ADD KEY `fk_lvel` (`level_id`);

--
-- Indexes for table `dispatch_list`
--
ALTER TABLE `dispatch_list`
  ADD PRIMARY KEY (`dispatch_id`);

--
-- Indexes for table `invitation_list`
--
ALTER TABLE `invitation_list`
  ADD PRIMARY KEY (`invitation_id`);

--
-- Indexes for table `khi_details`
--
ALTER TABLE `khi_details`
  ADD PRIMARY KEY (`id`),
  ADD UNIQUE KEY `number` (`number`);

--
-- Indexes for table `khi_permissions`
--
ALTER TABLE `khi_permissions`
  ADD PRIMARY KEY (`id`);

--
-- Indexes for table `khi_user_groups`
--
ALTER TABLE `khi_user_groups`
  ADD PRIMARY KEY (`id`),
  ADD UNIQUE KEY `user_id` (`group_id`,`user_id`) USING BTREE;

--
-- Indexes for table `khi_user_permissions`
--
ALTER TABLE `khi_user_permissions`
  ADD PRIMARY KEY (`id`);

--
-- Indexes for table `location_list`
--
ALTER TABLE `location_list`
  ADD PRIMARY KEY (`location_id`);

--
-- Indexes for table `passport_details`
--
ALTER TABLE `passport_details`
  ADD PRIMARY KEY (`passport_id`),
  ADD UNIQUE KEY `passport_date_of_issue` (`passport_number`,`passport_issue`) USING HASH,
  ADD UNIQUE KEY `passport_date_of_expiry` (`passport_number`,`passport_expiry`) USING HASH;

--
-- Indexes for table `requesters_dep`
--
ALTER TABLE `requesters_dep`
  ADD PRIMARY KEY (`id`);

--
-- Indexes for table `request_list`
--
ALTER TABLE `request_list`
  ADD PRIMARY KEY (`request_id`);

--
-- Indexes for table `visa_details`
--
ALTER TABLE `visa_details`
  ADD PRIMARY KEY (`visa_id`),
  ADD UNIQUE KEY `visa_date_of_issue` (`visa_number`,`visa_issue`) USING HASH,
  ADD UNIQUE KEY `visa_date_of_expiry` (`visa_number`,`visa_expiry`) USING HASH;

--
-- Indexes for table `work_history`
--
ALTER TABLE `work_history`
  ADD PRIMARY KEY (`work_hist_id`);

--
-- AUTO_INCREMENT for dumped tables
--

--
-- AUTO_INCREMENT for table `allowance_levels`
--
ALTER TABLE `allowance_levels`
  MODIFY `id` int(11) NOT NULL AUTO_INCREMENT, AUTO_INCREMENT=4;

--
-- AUTO_INCREMENT for table `allowance_list`
--
ALTER TABLE `allowance_list`
  MODIFY `id` int(11) NOT NULL AUTO_INCREMENT, AUTO_INCREMENT=7;

--
-- AUTO_INCREMENT for table `company_list`
--
ALTER TABLE `company_list`
  MODIFY `id` int(11) NOT NULL AUTO_INCREMENT, AUTO_INCREMENT=3;

--
-- AUTO_INCREMENT for table `designation_allowance`
--
ALTER TABLE `designation_allowance`
  MODIFY `id` int(11) NOT NULL AUTO_INCREMENT, AUTO_INCREMENT=5;

--
-- AUTO_INCREMENT for table `dispatch_list`
--
ALTER TABLE `dispatch_list`
  MODIFY `dispatch_id` int(11) NOT NULL AUTO_INCREMENT, AUTO_INCREMENT=576;

--
-- AUTO_INCREMENT for table `invitation_list`
--
ALTER TABLE `invitation_list`
  MODIFY `invitation_id` int(11) NOT NULL AUTO_INCREMENT, AUTO_INCREMENT=4;

--
-- AUTO_INCREMENT for table `khi_details`
--
ALTER TABLE `khi_details`
  MODIFY `id` int(11) NOT NULL AUTO_INCREMENT, AUTO_INCREMENT=86;

--
-- AUTO_INCREMENT for table `khi_permissions`
--
ALTER TABLE `khi_permissions`
  MODIFY `id` int(11) NOT NULL AUTO_INCREMENT, AUTO_INCREMENT=2;

--
-- AUTO_INCREMENT for table `khi_user_groups`
--
ALTER TABLE `khi_user_groups`
  MODIFY `id` int(11) NOT NULL AUTO_INCREMENT, AUTO_INCREMENT=94;

--
-- AUTO_INCREMENT for table `khi_user_permissions`
--
ALTER TABLE `khi_user_permissions`
  MODIFY `id` int(11) NOT NULL AUTO_INCREMENT, AUTO_INCREMENT=42;

--
-- AUTO_INCREMENT for table `location_list`
--
ALTER TABLE `location_list`
  MODIFY `location_id` int(11) NOT NULL AUTO_INCREMENT, AUTO_INCREMENT=4;

--
-- AUTO_INCREMENT for table `passport_details`
--
ALTER TABLE `passport_details`
  MODIFY `passport_id` int(11) NOT NULL AUTO_INCREMENT, AUTO_INCREMENT=181;

--
-- AUTO_INCREMENT for table `requesters_dep`
--
ALTER TABLE `requesters_dep`
  MODIFY `id` int(11) NOT NULL AUTO_INCREMENT, AUTO_INCREMENT=16;

--
-- AUTO_INCREMENT for table `request_list`
--
ALTER TABLE `request_list`
  MODIFY `request_id` int(11) NOT NULL AUTO_INCREMENT, AUTO_INCREMENT=235;

--
-- AUTO_INCREMENT for table `visa_details`
--
ALTER TABLE `visa_details`
  MODIFY `visa_id` int(11) NOT NULL AUTO_INCREMENT, AUTO_INCREMENT=143;

--
-- AUTO_INCREMENT for table `work_history`
--
ALTER TABLE `work_history`
  MODIFY `work_hist_id` int(11) NOT NULL AUTO_INCREMENT, AUTO_INCREMENT=265;

--
-- Constraints for dumped tables
--

--
-- Constraints for table `allowance_list`
--
ALTER TABLE `allowance_list`
  ADD CONSTRAINT `fk_level` FOREIGN KEY (`level_id`) REFERENCES `allowance_levels` (`id`);

--
-- Constraints for table `designation_allowance`
--
ALTER TABLE `designation_allowance`
  ADD CONSTRAINT `fk_lvel` FOREIGN KEY (`level_id`) REFERENCES `allowance_levels` (`id`);
COMMIT;

/*!40101 SET CHARACTER_SET_CLIENT=@OLD_CHARACTER_SET_CLIENT */;
/*!40101 SET CHARACTER_SET_RESULTS=@OLD_CHARACTER_SET_RESULTS */;
/*!40101 SET COLLATION_CONNECTION=@OLD_COLLATION_CONNECTION */;
